Name,Price,Link
Yierkuã€Free Shipping Miá»…n phÃ­ váº­n chuyá»ƒnã€‘ ChÃ­nh hÃ£ng da má»m dÃ y Ä‘Ã¡y dÃ y chá»‘ng trÆ°á»£t dÃ©p miá»‡ng cÃ¡ cá»§a phá»¥ ná»¯ mÃ¹a hÃ¨ 2022 má»›i Ä‘áº¿ xá»‘p Velcro rá»—ng Ä‘áº¿ giÃ y La MÃ£ phá»¥ ná»¯,114.000 â‚«,https://www.lazada.vn/products/yierkufree-shipping-mien-phi-van-chuyen-chinh-hang-da-mem-day-day-day-chong-truot-dep-mieng-ca-cua-phu-nu-mua-he-2022-moi-de-xop-velcro-rong-de-giay-la-ma-phu-nu-i1988222298.html
DÃ©p ná»¯ quai ngang siÃªu nháº¹ DUWA - HÃ ng chÃ­nh hÃ£ng - LD9032,54.929 â‚«,https://www.lazada.vn/products/dep-nu-quai-ngang-sieu-nhe-duwa-hang-chinh-hang-ld9032-i1885175363.html
[MUA 2 GIáº¢M 10%]DÃ©p quai ngang slipper The Bad God Basic fullbox chá»¯ tráº¯ng X01 Black,60.000 â‚«,https://www.lazada.vn/products/mua-2-giam-10dep-quai-ngang-slipper-the-bad-god-basic-fullbox-chu-trang-x01-black-i2178535998.html
"Sandal ná»¯, xÄƒng Ä‘an da Ä‘áº¿ Ä‘á»™n cháº¥t liá»‡u da pu Ä‘áº¿ cao su Ãªm Ã¡i 2 mÃ u tráº¯ng Ä‘en dÃ©p form to [LÃ™I 1 SIZE] - SD04",155.000 â‚«,https://www.lazada.vn/products/sandal-nu-xang-dan-da-de-don-chat-lieu-da-pu-de-cao-su-em-ai-2-mau-trang-den-dep-form-to-lui-1-size-sd04-i2039329243.html
DÃ©p LÃª Tráº» Em 2023c ÄÃ¨n NhÃ¡y MÃ¹a HÃ¨ Ná»•i Tiáº¿ng TrÃªn Máº¡ng Tráº» Em Nhá» VÃ  Vá»«a Äá»™ng Váº­t Em BÃ© ÄÃ¡ng YÃªu Hoáº¡t HÃ¬nh Trong NhÃ  NgoÃ i Trá»i,58.000 â‚«,https://www.lazada.vn/products/dep-le-tre-em-2023c-den-nhay-mua-he-noi-tieng-tren-mang-tre-em-nho-va-vua-dong-vat-em-be-dang-yeu-hoat-hinh-trong-nha-ngoai-troi-i1890861490.html
DÃ©p Ä‘Ãºc tráº» em quai ngang siÃªu nháº¹ DUWA - HÃ ng chÃ­nh hÃ£ng - LD193TE,54.800 â‚«,https://www.lazada.vn/products/dep-duc-tre-em-quai-ngang-sieu-nhe-duwa-hang-chinh-hang-ld193te-i2050836633.html
DÃ©p Sandal xÄƒng Ä‘an quai háº­u bÃ© trai Ä‘i há»c Ä‘i chÆ¡i tá»« 6 - 18 tuá»•i cháº¥t cao su má»›i cho bÃ© tuá»•i teen,65.000 â‚«,https://www.lazada.vn/products/dep-sandal-xang-dan-quai-hau-be-trai-di-hoc-di-choi-tu-6-18-tuoi-chat-cao-su-moi-cho-be-tuoi-teen-i2076477853.html
DÃ©p birken 2 khÃ³a thá»i trang Erosska mÃ u tráº¯ng - DT002,130.000 â‚«,https://www.lazada.vn/products/dep-birken-2-khoa-thoi-trang-erosska-mau-trang-dt002-i1571340760.html
DÃ©p tráº» em quai ngang siÃªu nháº¹ DUWA - HÃ ng chÃ­nh hÃ£ng - LD9024,56.500 â‚«,https://www.lazada.vn/products/dep-tre-em-quai-ngang-sieu-nhe-duwa-hang-chinh-hang-ld9024-i1963802975.html
DÃ©p birken quai chÃ©o Erosska thá»i trang mÃ u Ä‘en tráº¯ng - DT001,130.000 â‚«,https://www.lazada.vn/products/dep-birken-quai-cheo-erosska-thoi-trang-mau-den-trang-dt001-i1571295685.html
DÃ©p LÃª CÃ¡ DÃ©p LÃª HÃ¬nh CÃ¡ HÃ i HÆ°á»›c SÃ¡ng Táº¡o GiÃ y Gia ÄÃ¬nh Ba NgÆ°á»i Má»™t NhÃ  CÃ¡ Miá»‡ng Rá»™ng GiÃ y Äi Biá»ƒn Cáº·p ÄÃ´i Tráº» Em GiÃ y CÃ¡,64.000 â‚«,https://www.lazada.vn/products/dep-le-ca-dep-le-hinh-ca-hai-huoc-sang-tao-giay-gia-dinh-ba-nguoi-mot-nha-ca-mieng-rong-giay-di-bien-cap-doi-tre-em-giay-ca-i1812119533.html
DÃ©p Sandal ná»¯ 2 quai Ä‘áº¿ 3CM Conichiii 2 mÃ u cá»±c Ä‘áº¹p,90.000 â‚«,https://www.lazada.vn/products/dep-sandal-nu-2-quai-de-3cm-conichiii-2-mau-cuc-dep-i1874763270.html
DÃ©p bÃ¡nh má»³ Fashion Ä‘Ãºc nguyÃªn khá»‘i cao su chá»¯ HELLO Ä‘áº¿ cao 6cm FHELLO TRANGBIHUE TRANGBIHUE,77.420 â‚«,https://www.lazada.vn/products/dep-banh-my-fashion-duc-nguyen-khoi-cao-su-chu-hello-de-cao-6cm-fhello-trangbihue-trangbihue-i2155398056.html
IQANGEL DÃ©p LÃª Tráº» Em XÄƒng Äan Chá»‘ng TrÆ°á»£t Äáº¿ Má»m Äi Xe Thá»ƒ Thao Hoáº¡t HÃ¬nh MÃ¡t Máº» Cho BÃ© Trai Má»›i MÃ¹a HÃ¨ NgoÃ i NhÃ ,59.000 â‚«,https://www.lazada.vn/products/iqangel-dep-le-tre-em-xang-dan-chong-truot-de-mem-di-xe-the-thao-hoat-hinh-mat-me-cho-be-trai-moi-mua-he-ngoai-nha-i2169539531.html
"Sáº£n Pháº©m Warrior 22, XÄƒng Äan BÃ© GÃ¡i 4 Máº«u Má»›i 3 MÃ¹a HÃ¨, 5, Äáº¿ Má»m, 6, XÄƒng Äan CÃ´ng ChÃºa, 8, Chá»‘ng TrÆ°á»£t, 9, DÃ©p Äi Biá»ƒn, 12 Tuá»•i",156.000 â‚«,https://www.lazada.vn/products/san-pham-warrior-22-xang-dan-be-gai-4-mau-moi-3-mua-he-5-de-mem-6-xang-dan-cong-chua-8-chong-truot-9-dep-di-bien-12-tuoi-i1770315374.html
DÃ©p LÃª Äáº¿ Xuá»“ng Äáº¿ Má»m Da Má»m Da Tháº­t Äáº¿ Báº±ng Äáº¿ Báº±ng MÃ¹a HÃ¨ Máº«u Má»›i 2022 GiÃ y Ná»¯ Trung NiÃªn NgÆ°á»i Máº¹ XÄƒng Äan GÃ³t Tháº¥p,94.000 â‚«,https://www.lazada.vn/products/dep-le-de-xuong-de-mem-da-mem-da-that-de-bang-de-bang-mua-he-mau-moi-2022-giay-nu-trung-nien-nguoi-me-xang-dan-got-thap-i1486027194.html
"DÃ©p ná»¯ hÃ¬nh bÃ´ng hoa Ä‘Ã­nh gáº¥u siÃªu Ä‘áº¹p, DÃ©p ná»¯ thá»i trang 2023",25.000 â‚«,https://www.lazada.vn/products/dep-nu-hinh-bong-hoa-dinh-gau-sieu-dep-dep-nu-thoi-trang-2023-i2033764202.html
DÃ©p LÃª Tráº» Em Kiá»ƒu TÃ³c Tháº¿ Há»‡ B DÃ©p LÃª HÃ¨ Tráº» Em Nam Ná»¯ Chá»‘ng TrÆ°á»£t Gia ÄÃ¬nh Trong NhÃ  Táº¯m CÃ´ng ChÃºa BÃ© GÃ¡i,41.000 â‚«,https://www.lazada.vn/products/dep-le-tre-em-kieu-toc-the-he-b-dep-le-he-tre-em-nam-nu-chong-truot-gia-dinh-trong-nha-tam-cong-chua-be-gai-i1770350560.html
DÃ©p quai ngang ná»¯ Chao ÄÃ­nh Gáº¥u Há»“ng cá»±c ná»•i báº­t cÃ¡ tÃ­nh TRANGBIHUE,34.462 â‚«,https://www.lazada.vn/products/dep-quai-ngang-nu-chao-dinh-gau-hong-cuc-noi-bat-ca-tinh-trangbihue-i1919927674.html
DÃ©p Lá»— Tráº» Em Máº«u Má»›i DÃ©p LÃª Em BÃ© Xe HÆ¡i ÄÃ¡ng YÃªu MÃ¹a HÃ¨ BÃ© Trai DÃ©p LÃª BÃ­t MÅ©i Chá»‘ng TrÆ°á»£t Äáº¿ Má»m BÃ© GÃ¡i,46.000 â‚«,https://www.lazada.vn/products/dep-lo-tre-em-mau-moi-dep-le-em-be-xe-hoi-dang-yeu-mua-he-be-trai-dep-le-bit-mui-chong-truot-de-mem-be-gai-i1896535564.html
"DÃ©p Ä‘Ãºc nam, ná»¯ quai ngang siÃªu nháº¹ DUWA - HÃ ng chÃ­nh hÃ£ng â€“ LD191",65.500 â‚«,https://www.lazada.vn/products/dep-duc-nam-nu-quai-ngang-sieu-nhe-duwa-hang-chinh-hang-ld191-i1856469439.html
DÃ©p quai máº£nh thá»i trang Erosska gÃ³t cao 5cm mÃ u nÃ¢u _ EM092,145.000 â‚«,https://www.lazada.vn/products/dep-quai-manh-thoi-trang-erosska-got-cao-5cm-mau-nau-_-em092-i1955552722.html
DÃ©p LÃª Tráº» Em DÃ©p LÃª Vá»‹t Con Hoáº¡t HÃ¬nh Tráº» Em Lá»›n Nhá»¡ Nhá» BÃ© Trai Em BÃ© Chá»‘ng TrÆ°á»£t Gia Dá»¥ng Trong NhÃ  Cho BÃ© Trai BÃ© Trai BÃ© GÃ¡i MÃ¹a HÃ¨,51.000 â‚«,https://www.lazada.vn/products/dep-le-tre-em-dep-le-vit-con-hoat-hinh-tre-em-lon-nho-nho-be-trai-em-be-chong-truot-gia-dung-trong-nha-cho-be-trai-be-trai-be-gai-mua-he-i1808004334.html
DÃ©p LÃª Máº«u Má»›i Dá»… Phá»‘i 2023 Äáº¿ Báº±ng ÄÃ¡ng YÃªu Instagram MÃ u Äá» Há»c Sinh Ná»­a Mang Ra NgoÃ i MÃ¹a HÃ¨ Cho Ná»¯ BÃ­t MÅ©i LÆ°á»›i TrÃ¡i Tim Thiáº¿u Ná»¯ Hoáº¡t HÃ¬nh,111.000 â‚«,https://www.lazada.vn/products/dep-le-mau-moi-de-phoi-2023-de-bang-dang-yeu-instagram-mau-do-hoc-sinh-nua-mang-ra-ngoai-mua-he-cho-nu-bit-mui-luoi-trai-tim-thieu-nu-hoat-hinh-i616240770.html
(free ship) DÃ©p bÃ¡nh mÃ¬ káº¹p nÃºt Ä‘áº¿ 4p máº«u má»›i bao xinh xá»‰u.,59.000 â‚«,https://www.lazada.vn/products/free-ship-dep-banh-mi-kep-nut-de-4p-mau-moi-bao-xinh-xiu-i870138792.html
DÃ©p LÃª TRUNG NIÃŠN Äáº¿ Xuá»“ng Äáº¿ DÃ y BÃ¡nh Xá»‘p DÃ©p Cho Máº¹ Ná»¯ Máº«u Má»›i 2019 Kim Sa DÃ©p LÃª Chá»‘ng NÆ°á»›c Da Má»m Thoáº£i MÃ¡i,164.000 â‚«,https://www.lazada.vn/products/dep-le-trung-nien-de-xuong-de-day-banh-xop-dep-cho-me-nu-mau-moi-2019-kim-sa-dep-le-chong-nuoc-da-mem-thoai-mai-i1966866120.html
DÃ©p LÃª Tráº» Em DÃ©p LÃª Khá»§ng Long Em BÃ© BÃ© GÃ¡i ÄÃ¡ng YÃªu PhÃ²ng Táº¯m Äáº¿ Má»m Chá»‘ng TrÆ°á»£t Gia Dá»¥ng Trong NhÃ  BÃ© Trai Hoáº¡t HÃ¬nh MÃ¹a HÃ¨,50.000 â‚«,https://www.lazada.vn/products/dep-le-tre-em-dep-le-khung-long-em-be-be-gai-dang-yeu-phong-tam-de-mem-chong-truot-gia-dung-trong-nha-be-trai-hoat-hinh-mua-he-i1840260597.html
"DÃ©p ğ‚ğğ•ğ„ğ‘ğğ€ğ“ â¤ï¸FREESHIP + Há»˜Pâ¤ï¸ dÃ©p thá»ƒ thao quai ngang nam ná»¯ Covernat Ä‘áº¿ Ä‘á»™n 4cm cÃ³ tem mÃ¡c, bao bÃ¬ mÃ u tráº¯ng",118.000 â‚«,https://www.lazada.vn/products/dep-freeship-hop-dep-the-thao-quai-ngang-nam-nu-covernat-de-don-4cm-co-tem-mac-bao-bi-mau-trang-i2020604178.html
DÃ©p LÃª DÃ©p LÃª Äáº¿ DÃ y Cáº·p ÄÃ´i Trong NhÃ  Chá»‘ng TrÆ°á»£t SÃ nh Äiá»‡u Instagram Máº«u Má»›i 2022 Äi BÃªn NgoÃ i MÃ¹a HÃ¨ Cho Ná»¯ Máº«u MÃ¹a HÃ¨ Cho Ná»¯,74.000 â‚«,https://www.lazada.vn/products/dep-le-dep-le-de-day-cap-doi-trong-nha-chong-truot-sanh-dieu-instagram-mau-moi-2022-di-ben-ngoai-mua-he-cho-nu-mau-mua-he-cho-nu-i1994199049.html
DÃ©p Quai Ngang ATINO ÄÃºc NguyÃªn Khá»‘i TÄƒng Chiá»u Cao ThÃªm 5cm Cháº¥t Liá»‡u EVA ÃŠm ChÃ¢n KhÃ´ng Ngáº¥m NÆ°á»›c D2.9808,59.000 â‚«,https://www.lazada.vn/products/dep-quai-ngang-atino-duc-nguyen-khoi-tang-chieu-cao-them-5cm-chat-lieu-eva-em-chan-khong-ngam-nuoc-d29808-i2221792916.html
"DÃ©p xá» ngÃ³n nam, ná»¯ siÃªu nháº¹ DUWA - HÃ ng chÃ­nh hÃ£ng - LD208",78.800 â‚«,https://www.lazada.vn/products/dep-xo-ngon-nam-nu-sieu-nhe-duwa-hang-chinh-hang-ld208-i2160565437.html
DÃ©p LÃª Hai DÃ¢y Cá»• Äiá»ƒn Phong CÃ¡ch Há»“ng KÃ´ng Harajuku Harajuku Ins Phong CÃ¡ch HÃ n Quá»‘c Sá»c Máº£nh DÃ©p Äi Biá»ƒn Äáº¿ DÃ y Há»c Sinh MÃ¹a HÃ¨ Ná»¯ XÄƒng Äan Äi BÃªn NgoÃ i,54.000 â‚«,https://www.lazada.vn/products/dep-le-hai-day-co-dien-phong-cach-hong-kong-harajuku-harajuku-ins-phong-cach-han-quoc-soc-manh-dep-di-bien-de-day-hoc-sinh-mua-he-nu-xang-dan-di-ben-ngoai-i1735354432.html
DÃ©p LÃª HÃ²a Tan MÃ u Xanh LÃ¡ CÃ¢y BÃ© GÃ¡i DÃ©p LÃª Quai Ngang Äáº¿ Má»m Ná»•i Tiáº¿ng TrÃªn Máº¡ng Äan ChÃ©o Chá»‘ng TrÆ°á»£t Máº«u Má»›i 2022 Äáº¿ DÃ y Äi BÃªn NgoÃ i MÃ¹a HÃ¨,127.000 â‚«,https://www.lazada.vn/products/dep-le-hoa-tan-mau-xanh-la-cay-be-gai-dep-le-quai-ngang-de-mem-noi-tieng-tren-mang-dan-cheo-chong-truot-mau-moi-2022-de-day-di-ben-ngoai-mua-he-i1842789578.html
DÃ©p ná»¯ thá»i trang Ä‘áº¿ báº±ng Erosska 2022 quai ngang mÃ u vÃ ng _ DE051,69.000 â‚«,https://www.lazada.vn/products/dep-nu-thoi-trang-de-bang-erosska-2022-quai-ngang-mau-vang-_-de051-i1825939596.html
DÃ©p Quai DÃ¡n Ná»¯ GiÃ y TiÃªn Ná»¯ Dá»… Phá»‘i Äáº¿ Báº±ng Instagram Ná»•i Tiáº¿ng TrÃªn Máº¡ng Máº«u Má»›i 2022 GiÃ y BÃ£i Biá»ƒn Thá»ƒ Thao Äáº¿ DÃ y Há»c Sinh,107.000 â‚«,https://www.lazada.vn/products/dep-quai-dan-nu-giay-tien-nu-de-phoi-de-bang-instagram-noi-tieng-tren-mang-mau-moi-2022-giay-bai-bien-the-thao-de-day-hoc-sinh-i1822553551.html
"DÃ©p káº¹p xá» ngÃ³n ná»¯ Ä‘Ã­nh Charm Ong thá»i trang cÃ¡ tÃ­nh, Ä‘áº¿ cao su mÅ©i vuÃ´ng bá»n bá»‰ Ãªm Ã¡i nhiá»u mÃ u lá»±a chá»n.",60.000 â‚«,https://www.lazada.vn/products/dep-kep-xo-ngon-nu-dinh-charm-ong-thoi-trang-ca-tinh-de-cao-su-mui-vuong-ben-bi-em-ai-nhieu-mau-lua-chon-i2115148912.html
DÃ©p LÃª Ná»•i Tiáº¿ng TrÃªn Máº¡ng Máº«u Má»›i 2023 DÃ©p LÃª Äi BÃªn NgoÃ i ThÆ°á»ng NgÃ y Nháº¹ Tiá»‡n Äáº¿ Báº±ng Chá»‘ng TrÆ°á»£t Gia Dá»¥ng Trong NhÃ  MÃ¹a HÃ¨ Cho Ná»¯ Nam,38.000 â‚«,https://www.lazada.vn/products/dep-le-noi-tieng-tren-mang-mau-moi-2023-dep-le-di-ben-ngoai-thuong-ngay-nhe-tien-de-bang-chong-truot-gia-dung-trong-nha-mua-he-cho-nu-nam-i1932713610.html
DÃ©p LÃª DÃ©p LÃª Äáº¿ MÃ¡t Äáº¿ Má»m Gia Dá»¥ng Trong NhÃ  Ká»³ DuyÃªn BÄƒng Pha LÃª Elsa CÃ´ng ChÃºa Thá»i Trang MÃ¹a HÃ¨ BÃ© GÃ¡i Tráº» Em,74.000 â‚«,https://www.lazada.vn/products/dep-le-dep-le-de-mat-de-mem-gia-dung-trong-nha-ky-duyen-bang-pha-le-elsa-cong-chua-thoi-trang-mua-he-be-gai-tre-em-i1716366341.html
IQANGEL DÃ©p LÃª Tráº» Em BÃ© Trai VÃ  BÃ© GÃ¡i Trong NhÃ  Chá»‘ng TrÆ°á»£t Hoáº¡t HÃ¬nh Dáº¡ Quang Má»m ÄÃ¡y Äá»“ Máº·c NgoÃ i XÄƒng-Ä‘an VÃ  DÃ©p CÃ³ ÄÃ¨n,99.000 â‚«,https://www.lazada.vn/products/iqangel-dep-le-tre-em-be-trai-va-be-gai-trong-nha-chong-truot-hoat-hinh-da-quang-mem-day-do-mac-ngoai-xang-dan-va-dep-co-den-i2201207996.html
"DÃ©p covernat R â¤ï¸FREESHIP + Fullbox+ chá»n tÄƒng 1 sizeâ¤ï¸ thá»ƒ thao quai ngang nam ná»¯ Ä‘áº¿ Ä‘á»™n 4-5cm, Ä‘áº¿ Api khÃ´ng lÃºn Ä‘á»§ mÃ u",149.999 â‚«,https://www.lazada.vn/products/dep-covernat-r-freeship-fullbox-chon-tang-1-size-the-thao-quai-ngang-nam-nu-de-don-4-5cm-de-api-khong-lun-du-mau-i2096035275.html
Yierkuã€Free Shipping Miá»…n phÃ­ váº­n chuyá»ƒnã€‘ ChÃ­nh hÃ£ng da má»m dÃ y Ä‘Ã¡y dÃ y chá»‘ng trÆ°á»£t dÃ©p miá»‡ng cÃ¡ cá»§a phá»¥ ná»¯ mÃ¹a hÃ¨ 2022 má»›i Ä‘áº¿ xá»‘p Velcro rá»—ng Ä‘áº¿ giÃ y La MÃ£ phá»¥ ná»¯,114.000 â‚«,https://www.lazada.vn/products/yierkufree-shipping-mien-phi-van-chuyen-chinh-hang-da-mem-day-day-day-chong-truot-dep-mieng-ca-cua-phu-nu-mua-he-2022-moi-de-xop-velcro-rong-de-giay-la-ma-phu-nu-i1988222298.html
DÃ©p Ná»¯ Quai Ngang Miss Super Tai Thá» Äáº¿ DÃ y Chá»‘ng TrÆ¡n TrÆ°á»£t Thá»i Trang Äi Biá»ƒn 2023,58.000 â‚«,https://www.lazada.vn/products/dep-nu-quai-ngang-miss-super-tai-tho-de-day-chong-tron-truot-thoi-trang-di-bien-2023-i2049904083.html
"DÃ©p bÃ¡nh mÃ¬ quai trÆ¡n Ä‘á»™n Ä‘áº¿ siÃªu nháº¹ thá»i thÆ°á»£ng DÃ©p ulzzang nam ná»¯, DÃ©p bÃ¡nh má»³ quai ngang unisex siÃªu tÃ´n dÃ¡ng( tÄƒng 1-2 size )",49.000 â‚«,https://www.lazada.vn/products/dep-banh-mi-quai-tron-don-de-sieu-nhe-thoi-thuong-dep-ulzzang-nam-nu-dep-banh-my-quai-ngang-unisex-sieu-ton-dang-tang-1-2-size-i1951695414.html
dÃ©p quai ngang Ä‘áº¿ cao 3 phÃ¢n cÃ³ size tá»« 35 Ä‘áº¿n 43ğŸ’¯ áº£nh tháº­t video tháº­t ğŸ’¯,62.000 â‚«,https://www.lazada.vn/products/dep-quai-ngang-de-cao-3-phan-co-size-tu-35-den-43-anh-that-video-that-i1551262998.html
"DÃ©p áº¿ch xanh, cÃ  rá»‘t siÃªu dá»… thÆ°Æ¡ng thá»i trang ulzzang hÃ n quá»‘c Ä‘i siÃªu Ãªm siÃªu nháº¹ lÃªn chÃ¢n cá»±c xinh hottrend 2023 TH",71.000 â‚«,https://www.lazada.vn/products/dep-ech-xanh-ca-rot-sieu-de-thuong-thoi-trang-ulzzang-han-quoc-di-sieu-em-sieu-nhe-len-chan-cuc-xinh-hottrend-2023-th-i1986163812.html
"DÃ‰P QUAI NGANG NAM Ná»®, DÃ‰P LÃŠ UNISEX Há»ŒA TIáº¾T KHá»¦NG LONG NGá»˜ NGHÄ¨NG PHÃ™ Há»¢P LÃ€M DÃ‰P ÄÃ”I, DÃ‰P Cáº¶P",19.000 â‚«,https://www.lazada.vn/products/dep-quai-ngang-nam-nu-dep-le-unisex-hoa-tiet-khung-long-ngo-nghing-phu-hop-lam-dep-doi-dep-cap-i1845793720.html
"Sandal ná»¯, xÄƒng Ä‘an da Ä‘áº¿ Ä‘á»™n cháº¥t liá»‡u da pu Ä‘áº¿ cao su Ãªm Ã¡i 2 mÃ u tráº¯ng Ä‘en dÃ©p form to [LÃ™I 1 SIZE] - SD04",155.000 â‚«,https://www.lazada.vn/products/sandal-nu-xang-dan-da-de-don-chat-lieu-da-pu-de-cao-su-em-ai-2-mau-trang-den-dep-form-to-lui-1-size-sd04-i2039329243.html
DÃ©p bÃ© gÃ¡i dÃ©p quai ngang bÃ© gÃ¡i Ä‘Ã­nh nÆ¡ thá»i trang cute cá»±c xinh cho bÃ© tá»« 2 Ä‘áº¿n 10 tuá»•i,67.000 â‚«,https://www.lazada.vn/products/dep-be-gai-dep-quai-ngang-be-gai-dinh-no-thoi-trang-cute-cuc-xinh-cho-be-tu-2-den-10-tuoi-i2024230470.html
DÃ©p tráº» em amila DÃ©p bÃ© trai vÃ  bÃ© gÃ¡i GiÃ y Ä‘i biá»ƒn cÃ³ lá»— thoÃ¡ng,199.000 â‚«,https://www.lazada.vn/products/dep-tre-em-amila-dep-be-trai-va-be-gai-giay-di-bien-co-lo-thoang-i2268041278.html
GiÃ y Sandal Táº­p Äi Cho BÃ© Trai VÃ  GÃ¡i -PhÃ¡t SÃ¡ng Äáº¿ Chá»‘ng TrÆ¡n ÄÆ°á»ng May Tá»‰ Má»‰ 039,130.000 â‚«,https://www.lazada.vn/products/giay-sandal-tap-di-cho-be-trai-va-gai-phat-sang-de-chong-tron-duong-may-ti-mi-039-i2264813458.html
DÃ©p Tráº» Em DÃ©p BÃ© GÃ¡i Quai Ngang ÄÃ­nh NÆ¡ Cháº¥m Bi Thá»i Trang Cho BÃ© Cá»±c Xinh size 25-35,65.000 â‚«,https://www.lazada.vn/products/dep-tre-em-dep-be-gai-quai-ngang-dinh-no-cham-bi-thoi-trang-cho-be-cuc-xinh-size-25-35-i2024551652.html
DÃ©p Káº¹p TÃ´ng Xá» NgÃ³n Ná»¯ ALEFA Äáº¿ BÃ¡nh MÃ¬ Ãªm chÃ¢n MÃ¹a HÃ¨ Thá»i Trang 2023,129.000 â‚«,https://www.lazada.vn/products/dep-kep-tong-xo-ngon-nu-alefa-de-banh-mi-em-chan-mua-he-thoi-trang-2023-i2224280752.html
DÃ©p Ä‘Ãºc tráº» em quai ngang siÃªu nháº¹ DUWA - HÃ ng chÃ­nh hÃ£ng - LD193TE,54.800 â‚«,https://www.lazada.vn/products/dep-duc-tre-em-quai-ngang-sieu-nhe-duwa-hang-chinh-hang-ld193te-i2050836633.html
DÃ©p Ná»¯ ÄÃ­nh Ngá»c Da NhÄƒn BÃ¨o NhÃºn SiÃªu Xinh,10.000 â‚«,https://www.lazada.vn/products/dep-nu-dinh-ngoc-da-nhan-beo-nhun-sieu-xinh-i1284689794.html
DÃ©p tráº» em quai ngang siÃªu nháº¹ DUWA - HÃ ng chÃ­nh hÃ£ng - LD9024,56.500 â‚«,https://www.lazada.vn/products/dep-tre-em-quai-ngang-sieu-nhe-duwa-hang-chinh-hang-ld9024-i1963802975.html
DÃ‰P QUAI ngang ná»¯ thÃªu chá»¯ Ä‘áº¿ cao siÃªu nháº¹ Ãªm chÃ¢n HÃ ng Cao Cáº¥p loáº¡i 1 Fom chuáº©n (áº¢nh tháº­t cuá»‘i),115.000 â‚«,https://www.lazada.vn/products/dep-quai-ngang-nu-theu-chu-de-cao-sieu-nhe-em-chan-hang-cao-cap-loai-1-fom-chuan-anh-that-cuoi-i2164203321.html
"DÃ©p káº¹p xá» ngÃ³n ná»¯ Ä‘Ã­nh Charm Ong thá»i trang cÃ¡ tÃ­nh, Ä‘áº¿ cao su mÅ©i vuÃ´ng bá»n bá»‰ Ãªm Ã¡i nhiá»u mÃ u lá»±a chá»n.",60.000 â‚«,https://www.lazada.vn/products/dep-kep-xo-ngon-nu-dinh-charm-ong-thoi-trang-ca-tinh-de-cao-su-mui-vuong-ben-bi-em-ai-nhieu-mau-lua-chon-i2115148912.html
"FREE SHIP DÃ©p bÃ¡nh má»³ hÃ¬nh MÃ¨o Nice & Love dá»… thÆ°Æ¡ng, DÃ©p quai ngang ná»¯ Cute hot trend 2022, GiÃ y DÃ©p Ulzzang",28.000 â‚«,https://www.lazada.vn/products/free-ship-dep-banh-my-hinh-meo-nice-love-de-thuong-dep-quai-ngang-nu-cute-hot-trend-2022-giay-dep-ulzzang-i1890083601.html
DÃ©p birken 2 khÃ³a thá»i trang Erosska mÃ u tráº¯ng - DT002,130.000 â‚«,https://www.lazada.vn/products/dep-birken-2-khoa-thoi-trang-erosska-mau-trang-dt002-i1571340760.html
DÃ©p birken quai chÃ©o Erosska thá»i trang mÃ u Ä‘en tráº¯ng - DT001,130.000 â‚«,https://www.lazada.vn/products/dep-birken-quai-cheo-erosska-thoi-trang-mau-den-trang-dt001-i1571295685.html
DÃ©p BÃ´ng Quai Ngang Phá»§ LÃ´ng DÃ y Äáº¿ Cao 5cm Dá»… ThÆ°Æ¡ng Thá»i Trang MÃ¹a Thu ÄÃ´ng 2022,119.000 â‚«,https://www.lazada.vn/products/dep-bong-quai-ngang-phu-long-day-de-cao-5cm-de-thuong-thoi-trang-mua-thu-dong-2022-i2086617175.html
DÃ©p Ä‘áº¿ cao 7cm mumu quai ngang giÃ¡ ráº»,61.000 â‚«,https://www.lazada.vn/products/dep-de-cao-7cm-mumu-quai-ngang-gia-re-i2231818643.html
"DÃ©p ná»¯ hÃ¬nh bÃ´ng hoa Ä‘Ã­nh gáº¥u siÃªu Ä‘áº¹p, DÃ©p ná»¯ thá»i trang 2023",25.000 â‚«,https://www.lazada.vn/products/dep-nu-hinh-bong-hoa-dinh-gau-sieu-dep-dep-nu-thoi-trang-2023-i2033764202.html
DÃ©p LÃª Cross Hai Quai Unisex SiÃªu Hot Táº·ng 12 Sickers Gáº¯n DÃ©p,195.000 â‚«,https://www.lazada.vn/products/dep-le-cross-hai-quai-unisex-sieu-hot-tang-12-sickers-gan-dep-i1910125678.html
DÃ©p sandal cao su Ä‘Ãºc cao cáº¥p Ä‘áº¿ bá»‡t siÃªu Ãªm quai dÃ¡n size 36-40,119.000 â‚«,https://www.lazada.vn/products/dep-sandal-cao-su-duc-cao-cap-de-bet-sieu-em-quai-dan-size-36-40-i831616840.html
[4/4 HoÃ n tiá»n Ä‘áº¿n 15%]DÃ‰P BÃˆO 1 DÃ‚Y NGá»ŒC SIÃŠU HOT,39.000 â‚«,https://www.lazada.vn/products/44-hoan-tien-den-15dep-beo-1-day-ngoc-sieu-hot-i1237768990.html
"DÃ©p covernat R â¤ï¸FREESHIP + Fullbox+ chá»n tÄƒng 1 sizeâ¤ï¸ thá»ƒ thao quai ngang nam ná»¯ Ä‘áº¿ Ä‘á»™n 4-5cm, Ä‘áº¿ Api khÃ´ng lÃºn Ä‘á»§ mÃ u",149.999 â‚«,https://www.lazada.vn/products/dep-covernat-r-freeship-fullbox-chon-tang-1-size-the-thao-quai-ngang-nam-nu-de-don-4-5cm-de-api-khong-lun-du-mau-i2096035275.html
DÃ©p Cross Ä‘Ã¡m mÃ¢y kute máº«u má»›i nÄƒm 2022 táº·ng sticker,79.000 â‚«,https://www.lazada.vn/products/dep-cross-dam-may-kute-mau-moi-nam-2022-tang-sticker-i2091224251.html
DÃ©p bÃ¡nh mÃ¬ ná»¯ EVA Ä‘Ãºc ChÃ¢n gáº¥u dá»… thÆ°Æ¡ng 2022,44.000 â‚«,https://www.lazada.vn/products/dep-banh-mi-nu-eva-duc-chan-gau-de-thuong-2022-i1958130966.html
"GiÃ y sandal ná»¯ Ä‘áº¿ Ä‘á»™n 5cm quai chÃ©o cháº¥t liá»‡u da siÃªu Ä‘áº¹p siÃªu Ãªm chÃ¢n máº«u má»›i nháº¥t 2022 (form to), dÃ©p quai háº­u ná»¯ quai ngang Ä‘i há»c",79.000 â‚«,https://www.lazada.vn/products/giay-sandal-nu-de-don-5cm-quai-cheo-chat-lieu-da-sieu-dep-sieu-em-chan-mau-moi-nhat-2022-form-to-dep-quai-hau-nu-quai-ngang-di-hoc-i2072630774.html
"FREE SHIP DÃ©p Sandal bÃ¡nh mÃ¬ hÃ¬nh mÃ¨o dá»… thÆ°Æ¡ng, Sandal thá»i trang ná»¯ hot 2022, DÃ©p Ulzzang",17.121 â‚«,https://www.lazada.vn/products/free-ship-dep-sandal-banh-mi-hinh-meo-de-thuong-sandal-thoi-trang-nu-hot-2022-dep-ulzzang-i2050363707.html
[HoÃ n tiá»n 6%] DÃ©p bÃ¡nh má»³ tai thá» Ä‘áº¿ diÃªu nháº¹-dÃ©p cáº·p Ä‘Ã´i -dÃ©p nam ná»¯,23.000 â‚«,https://www.lazada.vn/products/hoan-tien-6-dep-banh-my-tai-tho-de-dieu-nhe-dep-cap-doi-dep-nam-nu-i2219709822.html
"DÃ©p ná»¯ quai ngang Ä‘Ã­nh nÆ¡ siÃªu Ä‘áº¹p, DÃ©p ná»¯ hÃ¨ 2023",20.000 â‚«,https://www.lazada.vn/products/dep-nu-quai-ngang-dinh-no-sieu-dep-dep-nu-he-2023-i2178513487.html
"Sandal bÃ© trai bÃ© gÃ¡i, dÃ©p xÄƒng Ä‘an Ä‘i há»c cho bÃ© - Máº«u má»›i GG121",160.550 â‚«,https://www.lazada.vn/products/sandal-be-trai-be-gai-dep-xang-dan-di-hoc-cho-be-mau-moi-gg121-i2175175331.html
DÃ©p bÃ¡nh mÃ¬ QUAI PHá»’NG siÃªu Ãªm cao cáº¥p,25.000 â‚«,https://www.lazada.vn/products/dep-banh-mi-quai-phong-sieu-em-cao-cap-i1913742345.html
DÃ©p tráº» em quai ngang siÃªu nháº¹ DUWA - HÃ ng chÃ­nh hÃ£ng - LD9045TE,53.700 â‚«,https://www.lazada.vn/products/dep-tre-em-quai-ngang-sieu-nhe-duwa-hang-chinh-hang-ld9045te-i2058132390.html
Sandal ná»¯ Ä‘áº¿ bá»‡t quai máº£nh dÃ¡ng dÃ©p quai háº­u ná»¯ Ä‘i biá»ƒn mÅ©i vuÃ´ng thá»i trang cÃ´ng sá»Ÿ bAimÃ©e & bAmor - MS1776,189.000 â‚«,https://www.lazada.vn/products/sandal-nu-de-bet-quai-manh-dang-dep-quai-hau-nu-di-bien-mui-vuong-thoi-trang-cong-so-baimee-bamor-ms1776-i1875065148.html
(free ship) DÃ©p bÃ¡nh mÃ¬ káº¹p nÃºt Ä‘áº¿ 4p máº«u má»›i bao xinh xá»‰u.,59.000 â‚«,https://www.lazada.vn/products/free-ship-dep-banh-mi-kep-nut-de-4p-mau-moi-bao-xinh-xiu-i870138792.html
"DÃ©p ğ‚ğğ•ğ„ğ‘ğğ€ğ“ â¤ï¸FREESHIP + Há»˜Pâ¤ï¸ dÃ©p thá»ƒ thao quai ngang nam ná»¯ Covernat Ä‘áº¿ Ä‘á»™n 4cm cÃ³ tem mÃ¡c, bao bÃ¬ mÃ u tráº¯ng",118.000 â‚«,https://www.lazada.vn/products/dep-freeship-hop-dep-the-thao-quai-ngang-nam-nu-covernat-de-don-4cm-co-tem-mac-bao-bi-mau-trang-i2020604178.html
DÃ©p Báº£n chá»¯ TiTan Ä‘áº¿ bá»‡t siÃªu hÃ³t 2022 thá»i trang,67.620 â‚«,https://www.lazada.vn/products/dep-ban-chu-titan-de-bet-sieu-hot-2022-thoi-trang-i1900461273.html
