Name,Price,Seller,Image
"Bộ bàn phím chuột XSmart kèm tai nghe gaming chụp tai, combo chơi game cho máy tính laptop pc K618+V8 tia sét+K3 - Hàng Chính Hãng",499000,XSmart Official Store,https://salt.tikicdn.com/cache/280x280/ts/product/0a/43/d3/8e46242988245effd7a56f92161e1e4d.PNG
Laptop Gigabyte U4 UD-50VN823SO 14 inch Core i5-1155G7/ Win 11 - Hàng Chính Hãng,15490000,Tiki Trading,https://salt.tikicdn.com/cache/280x280/ts/product/a2/68/d7/9785253def880c6afdad5df2d1eab8bf.png
Laptop Dell Alienware M15 R6 P109F001DBL 15.6 Inch Core i7-11800H/RTX 3060/Win11 + Office,58340000,Tiki Trading,https://salt.tikicdn.com/cache/280x280/ts/product/6a/1a/6e/d777fa9591575a75201f9f523ee1e36c.jpg
"Laptop Acer Aspire 7 A715-42G-R1SB (AMD R5-5500U/ 8GB DDR4/ 256GB SSD/ GTX 1650 4GB/ 15.6 FHD IPS, 144Hz/ Win10) - Hàng Chính Hãng",14250000,Ben Computer,https://salt.tikicdn.com/cache/280x280/ts/product/4b/f1/d7/becb5398f0be90119a855804ad2a05ce.jpg
Laptop MSI Gaming GF63 Thin 11SC-664VN (I5-11400H Gen 11th | 8GB DDR4 | SSD 512GB PCle | VGA GTX 1650 4GB GDDR6 | 15.6 FHD IPS 144Hz | Win11| Black) - Hàng Chính Hãng,15690000,NGUYENVUSTORE,https://salt.tikicdn.com/cache/280x280/ts/product/e8/3d/8f/3dd844a32fcdb32c8849696c860362f6.jpg
Laptop HP 15s-fq2712TU 7C0X2PA (Core i3 1115G4/ 8GB/ 256GB SSD/ Intel UHD Graphics/ 15.6inch Full HD/ Windows 11 Home/ Bạc/ Vỏ nhựa) - Hàng Chính Hãng,10962000,HP Flagship Ben Computer Store,https://salt.tikicdn.com/cache/280x280/ts/product/7a/b4/ec/62de16af94aee190b18afcf66a4fa5f2.jpg
"Laptop Acer Nitro 5 AN515-45-R6EV (AMD R5-5600H/ 8GB/ 512GB/ 4GB GTX1650/ 15.6 FHD IPS, 144Hz/ Win11) - Hàng Chính Hãng",18681000,Ben Computer,https://salt.tikicdn.com/cache/280x280/ts/product/cf/98/24/6b65dc67b33f0d89197f96c9ed1f7c3b.jpg
Laptop ASUS TUF Gaming A15 FA506ICB-HN355W (R5-4600H | 8GB | 512GB | GeForce RTX 3050 4GB | 15.6′ FHD 144Hz | Win 11) - Hàng Chính Hãng,18490000,NGUYENVUSTORE,https://salt.tikicdn.com/cache/280x280/ts/product/6f/de/e6/1e40f7a23eca6f402aefe5fb9dbda9be.png
"Laptop Lenovo 100e Gen 2 N4020/4GB/64GB eMMC/Intel UHD Graphics 600/11.6""HD/Win 10 Pro - HÀNG CHÍNH HÃNG",4790000,Máy tính Bảo Ngọc,https://salt.tikicdn.com/cache/280x280/ts/product/30/b2/df/7d074b54a6a1f4c940bcd3340031c28d.jpg
Laptop Acer Gaming Nitro 5 AN515-45-R86D (NH.QBCSV.005) (R7 5800H/8GB Ram/512GB SSD/RTX3060 6G/15.6 inch FHD 144Hz/Win 11/Đen) Hàng chính hãng,27990000,CIVIP Technology,https://salt.tikicdn.com/cache/280x280/ts/product/f1/53/f6/2ed9cb2f883df319ddca546390d6fd21.jpg
Lenovo Thinkpad X1 GEN 6 Carbon Thế Hệ 8 Core i5 – 8250U / Ram 8G / SSD 256Gb / 14 “FHD / SIÊU MỎNG - SIÊU NHANH - HÀNG CHÍNH HÃNG,9029000,Âu Cơ Store,https://salt.tikicdn.com/cache/280x280/ts/product/14/fe/30/9422b306f97fff368aba1ad011202be1.jpg
Laptop HP Gaming VICTUS 16 d0200TX 4R0U2PA i7 11800H - Hàng chính hãng,26890000,HP 1Digital Store,https://salt.tikicdn.com/cache/280x280/ts/product/47/7e/f9/eada54e71d1b3a4a61e7a190863bce63.png
Laptop Asus TUF Gaming F15 FX506HC i5-11400H/8GB/512GB/Win11 HN144W - Hàng chính hãng,19890000,Nguyễn Kim Official,https://salt.tikicdn.com/cache/280x280/ts/product/c3/6e/a7/159690c42763b35c3d3736b822d2274a.jpg
Laptop MSI Gaming Katana GF66 11UC-698VN | I7 11800H | 8GB RAM | 512GB SSD | 15.6 inch FHD 144Hz | RTX3050 4GB | Win10 | Đen - Hàng Chính Hãng,21690000,NGUYENVUSTORE,https://salt.tikicdn.com/cache/280x280/ts/product/77/4a/5e/a92cd5b548681f55d3a82c68ccb654a9.png
Laptop Asus TUF Gaming F15 i5-12450H/8GB/512GB/Win11 FX517ZC-HN077W - Hàng chính hãng,20990000,Nguyễn Kim Official,https://salt.tikicdn.com/cache/280x280/ts/product/7c/32/f7/11e1ec82d4e5a8f59bc20a1430d8c392.jpg
Bàn Phím Gaming XSmart K618 Super Pro New 2021 Đổi Màu 10 Chế Độ Led Khác Nhau Cực Đẹp Sử Dụng Trên Máy Tính Laptop Pc TiVi - Hàng Chính Hãng,498000,XSmart Official Store,https://salt.tikicdn.com/cache/280x280/ts/product/30/4a/cc/92b5f4fccfa58b4c37baed86bf6c1489.PNG
Máy tính xách tay Lenovo IdeaPad Gaming 3 R5-5600H | 8GB | 512GB | RTX 3050 - Hàng chính hãng,18490000,Công Nghệ TechZones,https://salt.tikicdn.com/cache/280x280/ts/product/f1/0a/08/bea879bae42c4c43e4f17594ab001cca.jpg
Laptop Asus TUF Gaming A15 R5-4600H/8GB/512GB/Win11 FA506ICB-HN355W - Hàng chính hãng,18490000,Nguyễn Kim Official,https://salt.tikicdn.com/cache/280x280/ts/product/59/13/00/fee4cc7bc01efa7496244030a908cc03.jpg
Laptop gaming LENOVO IdeaPad 3 15IHU6 82K100KLVN i5-11300H|8G|512G|RTX3050Ti|Win11 - Hàng chính hãng,19990000,Lenovo Official Store,https://salt.tikicdn.com/cache/280x280/ts/product/a5/19/e0/aab3ba74be55cd0ac37beb5ae2cf89a0.jpg
Laptop Gaming Lenovo Legion 5 15ARH7 (82RE0035VN) (R7 6800H/8GB/512GB/RTX 3050 4GB/15.6 inch FHD/Win 11/3Y)- Hàng chính hãng,30990000,CIVIP Technology,https://salt.tikicdn.com/cache/280x280/ts/product/b7/94/a4/2ce0dd29a0086601f12569f9cb158315.png
Laptop HP Pavilion 15-eg2081TU 7C0Q4PA (i5-1240P | 16GB | 512GB | Intel Iris Xe Graphics | 15.6' FHD | Win 11) Hàng chính hãng,20110000,HP Flagship Ben Computer Store,https://salt.tikicdn.com/cache/280x280/ts/product/15/cd/d3/a9284d4d1e3412b82504195e0cdcc0ca.jpg
Laptop Gaming Lenovo Legion 5 15ARH7 (82RE002VVN) (R5 6600H/8GB/512GB/RTX 3050 4GB/15.6 inch FHD/Win 11)- Hàng chính hãng,29990000,CIVIP Technology,https://salt.tikicdn.com/cache/280x280/ts/product/b7/94/a4/be6cb66929e4a30586df587106d140a7.png
Laptop Asus TUF Gaming F15 FX507ZC-HN124W (Core i7-12700H/8GB/512GB/RTX 3050 4GB/15.6-inch FHD/Win 11/Jaeger Gray)-Hàng chính hãng,26990000,NGUYENVUSTORE,https://salt.tikicdn.com/cache/280x280/ts/product/02/69/e1/83c60c3987137a0e07fbce961e1626bc.png
Laptop Asus TUF Gaming F15 FX506LHB i5-10300H/8GB/512GB/Win11 HN188W - Hàng chính hãng,15990000,Nguyễn Kim Official,https://salt.tikicdn.com/cache/280x280/ts/product/a5/af/7d/c2e7398856394743517f89ff2bf15f4e.jpg
Laptop Lenovo IdeaPad Gaming 3 15ACH6 82K200T1VN R7 5800H|8GB|512GB|RTX 3050|Win11 - Hàng chính hãng,18990000,Lenovo Official Store,https://salt.tikicdn.com/cache/280x280/ts/product/09/b7/c1/8a3e7c648c10bb49b386ae945626b391.jpg
Laptop Dell Inspiron 3520 N5I5122W1 (Core i5 1235U/ 8GB/ 256GB SSD/ 15.6inch Full HD/ Windows 11 Home/ Black) - Hàng chính hãng,17033000,Ben Computer,https://salt.tikicdn.com/cache/280x280/ts/product/eb/21/b5/c4108f2be241024e85820cbd4e3df7a1.jpg
Laptop Lenovo IdeaPad Gaming 3 15IAH7 82S900V3VN (Core i5-12500H/16GB/512GB/GeForce RTX 3050 4GB/15.6inch FHD/Windows 11/Glacier White/2Y)- Hàng chính hãng,23590000,CIVIP Technology,https://salt.tikicdn.com/cache/280x280/ts/product/14/16/f1/406d5d82a6b5b6e705990789d353fcb9.png
Laptop MSI GF63 Thin i5-11400H/8GB/512GB/Win11 (11SC-664VN) - Hàng chính hãng,15990000,Nguyễn Kim Official,https://salt.tikicdn.com/cache/280x280/ts/product/e7/5e/a6/700f5517afc0816134ab22737902d686.jpg
Laptop Acer Aspire 7 Gaming R5-5625U/8GB/512GB/Win11 A715-43G-R8GA - Hàng chính hãng,17990000,Nguyễn Kim Official,https://salt.tikicdn.com/cache/280x280/ts/product/91/03/74/5c3cb0159713dfcad9c3c8ece556a6c5.jpg
"MSI Laptop GF63 Thin 11UC-1228VN |CPU Intel i7-11800H|Card GTX 3050|Ram 8GB|Bộ nhớ 512GB SSD|Màn hình 15.6"" FHD,144Hz [Hàng chính hãng]",21990000,MSI Laptop Official Store,https://salt.tikicdn.com/cache/280x280/ts/product/13/83/28/718efa8a0c27adeb995c6ee934a7d30b.jpg
Laptop HP 240 G9 6L1Y4PA i7-1255U | 8GB | 256GB | 14' FHD | W11 Hàng chính hãng,18615000,HP Flagship Ben Computer Store,https://salt.tikicdn.com/cache/280x280/ts/product/75/5c/e1/90244145594338459489cc0676418cf6.jpg
Laptop gaming LENOVO IdeaPad 3 15ACH6 82K2010GVN R5-5600H|8G|512G|15.6FHD120Hz|RTX3050Ti|W11 - Hàng chính hãng,19490000,Lenovo Official Store,https://salt.tikicdn.com/cache/280x280/ts/product/31/61/c0/15676cc1eebbf2caaa414c90b5ba811e.jpg
Laptop Dell Gaming G15 5525 R5H085W11GR3050 (Ryzen 5 6600H/8GB RAM/512GB SSD/RTX3050 4G/15.6 inch FHD 120Hz/Win11/OfficeHS21/Xám đen) Hàng chính hãng,24990000,CIVIP Technology,https://salt.tikicdn.com/cache/280x280/ts/product/50/c8/52/06181030b0842aaa7e2a82003b343fc0.jpg
"Laptop Acer Nitro Gaming AN515-58-773Y i7 12700H/8GB/512GB/15.6""FHD/3050Ti 4GB/Win11 Hàng Chính Hãng",31999000,NGUYENVUSTORE,https://salt.tikicdn.com/cache/280x280/ts/product/60/3f/62/e1be5aa2598342f12f686680fa889387.png
"Laptop Gigabyte G5 i5 10500H/16GB/512GB/6GB RTX3060/15.6""F/144Hz/Win11/(KC-5S11130SB)/Đen - Hàng chính hãng",22900000,GIA DỤNG VIỆT,https://salt.tikicdn.com/cache/280x280/ts/product/26/2d/3c/022b0c13d0db6314a02694862d5ecc5f.png
"Laptop Lenovo ThinkBook 14s Yoga ITL i5 1135G7/16GB/512GB/14""F/Touch/Pen/Win11/(20WE007NVN)/Xám - Hàng chính hãng",20990000,Ben Computer,https://salt.tikicdn.com/cache/280x280/ts/product/e6/d3/c9/6916b15afedb0281bd2100af2159753b.jpg
Laptop Acer Nitro 5 Tiger AN515-58-773Y (i7-12700H|8GB|512GB|GeForce RTX 3050Ti 4GB|15.6' FHD 144Hz) Hàng chính hãng,30000000,GIA DỤNG VIỆT,https://salt.tikicdn.com/cache/280x280/ts/product/7d/98/91/548b6af8c3115c8f6e1a807b2a1be85e.jpg
Laptop Asus ROG Strix G15 G513RC-HN090W (Ryzen 7-6800H/8GB/512GB/RTX 3050 4GB/15.6-inch FHD/Win 11/Electro Punk)-Hàng chính hãng,26990000,CIVIP Technology,https://salt.tikicdn.com/cache/280x280/ts/product/e4/6e/5d/141c10c609b42c4059202b08e5a237d1.png
Laptop HP Victus 16-e1106AX (7C0T1PA) (R5-6600H | 8GB | 512GB | GeForce RTX 3050Ti 4GB | 16.1' FHD 144Hz | Win 11) - Hàng Chính Hãng,24990000,HP Official Store,https://salt.tikicdn.com/cache/280x280/ts/product/08/69/ee/c9ad11dbc2defcf8856fc3ea8bbf81c5.jpg
Laptop Acer Gaming Aspire 7 A715-42G-R05G (NH.QAYSV.007) (R5 5500U/8GB RAM/512GB SSD/15.6 inch FHD 144Hz/GTX1650 4G/Win11/Đen) - Hàng chính hãng,17520000,GIA DỤNG VIỆT,https://salt.tikicdn.com/cache/280x280/ts/product/1a/94/63/5b935d4db9e5ffc8ee92d394db434ca3.jpg
"Chuột gaming không dây sạc pin Sidotech P6W cho game thủ chơi game chuyên nghiệp kết nối Wireless 2.4G không độ trễ, pin sạc sử dụng 30 ngày tương thích máy tính laptop window Mac OS - Hàng Chính Hãng",155000,Sido Tech Official Store,https://salt.tikicdn.com/cache/280x280/ts/product/30/ce/4b/37b4594b760b1eadff1bbeb0dc9fa4c0.JPG
Laptop Gigabyte AORUS 15 XE4-73VNB14GH i7-12700H|16GB|GeForce RTX 3070Ti 8GB Hàng chính hãng,57990000,Hangchinhhieu(TP.HCM),https://salt.tikicdn.com/cache/280x280/ts/product/04/78/d3/0801c6e35d4ba8381663ae2fa1c7e12e.jpg
Laptop MSI Gaming GF63 Thin 11UC-1228VN (i7-11800H/8GB RAM/512GB SSD/RTX3050 4GB/15.6 inch FHD 144Hz/Win11/Đen) - Hàng Chính Hãng,19980000,NGUYENVUSTORE,https://salt.tikicdn.com/cache/280x280/ts/product/33/39/e7/ef4d49ab5645d7cdee08eb5f0d2ed524.png
Laptop HP Victus 16-d0293TX 5Z9R4PA (i5-11400H|512GB|3050Ti 4GB|16.1' FHD 144Hz) Hàng chính hãng,21390000,HP HCH STORE,https://salt.tikicdn.com/cache/280x280/ts/product/d6/5e/c2/c1529a187f3d7888ae93dd6dbf46b319.jpg
Laptop Gigabyte G5 ME-51VN263SH (i5-12500H | 8GB | 512GB | GeForce RTX 3050Ti 4GB | 15.6′ FHD 144Hz | Win 11) - Hàng Chính Hãng,26490000,NGUYENVUSTORE,https://salt.tikicdn.com/cache/280x280/ts/product/7f/78/4e/336482caca4c813bb11d51caf5610594.png
"Laptop Dell Vostro 5620 i5 1240P/16GB/512GB/16""F/OfficeHS/Win11/(70282719)/Xám - Hàng chính hãng",23297000,Ben Computer,https://salt.tikicdn.com/cache/280x280/ts/product/b6/13/c3/c81b30adeadf515ecd3434eec86424cd.jpg
Laptop HP Victus 15-fa0110TX (7C0R3PA) (i7-12700H | 8GB | 512GB | GeForce RTX 3050 4GB | 15.6' FHD 144Hz | Win 11) - Hàng Chính Hãng,28990000,HP Official Store,https://salt.tikicdn.com/cache/280x280/ts/product/6c/af/82/b46523a677ff1368db4d4ba544d88017.jpg
Laptop HP Victus 16-e1102AX 7C139PA (R7-6800H | 16GB | 512GB | GeForce RTX 3050Ti 4GB | 16.1' FHD 144Hz | Win 11) Hàng chính hãng,31990000,Hangchinhhieu(TP.HCM),https://salt.tikicdn.com/cache/280x280/ts/product/1e/e4/38/41f9bc3578f78feaf3396b4f896a9e94.jpg
"Laptop Acer Nitro 5 Eagle AN515-57-54MV (Core i5-11400H/ 8GB/ 512GB SSD/ RTX 3050 4GB/ 15.6 FHD IPS, 144Hz/ Win11) - Hàng Chính Hãng",21978000,Ben Computer,https://salt.tikicdn.com/cache/280x280/ts/product/84/36/c1/2dd7f6760ae4f8f2cbc5f22d027ddaf7.png
"MSI Laptop GF63 Thin 11SC-664VN |CPU Intel i5-11400H|Card GTX 1650|Ram 8GB|Bộ nhớ 512GB SSD|Màn hình 15.6"" FHD,144Hz [Hàng chính hãng]",16990000,MSI Laptop Official Store,https://salt.tikicdn.com/cache/280x280/ts/product/be/97/8b/59378ca1d69ccf3deea6b545c44e072a.jpg
Laptop Dell Inspiron 3520 N5I5122W1 (Core i5 1235U/ 8GB/ 256GB SSD/ 15.6inch Full HD/ Windows 11 Home/ Black) - Hàng chính hãng,17033000,Ben Computer,https://salt.tikicdn.com/cache/280x280/ts/product/eb/21/b5/c4108f2be241024e85820cbd4e3df7a1.jpg
Laptop Asus ROG Strix G15 G513RC-HN038W (R7-6800H/8GB/512GB/RTX 3050 4GB/15.6-inch FHD/Win 11/Eclipse Gray)-Hàng chính hãng,26990000,CIVIP Technology,https://salt.tikicdn.com/cache/280x280/ts/product/33/ea/27/6d91e9985bc5e1e78c1a6c263de0eee5.jpg
Balo Acer Gaming Predator SUV - Hàng Chính Hãng,990000,Hangchinhhieu(TP.HCM),https://salt.tikicdn.com/cache/280x280/ts/product/e9/96/5a/b5d85735e1bdc77c5a3292c567552a61.jpg
" Laptop Lenovo IdeaPad Gaming 3 15ACH6, R5 5600H, 8GB, 512GB SSD, GTX1650 4GB, 15.6"" FHD 250nits 120Hz, 2Y WTY_82K201BBVN_ Hàng chính hãng",17690000,Vi Tính Bảo An,https://salt.tikicdn.com/cache/280x280/ts/product/dc/5f/38/614efad076f776f7aaabfc0183da73c5.jpg
Laptop HP Victus 16-d1191TX 7C0S5PA (i5-12500H | 16GB | 512GB | GeForce RTX 3050Ti 4GB | 16.1' FHD 144Hz | Win 11) Hàng chính hãng,25390000,HP HCH STORE,https://salt.tikicdn.com/cache/280x280/ts/product/69/b2/b8/9deb5917c96a54e00b8f88dfa81c77d8.jpg
"Chuột gaming không dây sạc pin Sidotech P6W cho game thủ chơi game chuyên nghiệp kết nối Wireless 2.4G không độ trễ, pin sạc sử dụng 30 ngày tương thích máy tính laptop window Mac OS - Hàng Chính Hãng",155000,Sido Tech Official Store,https://salt.tikicdn.com/cache/280x280/ts/product/30/ce/4b/37b4594b760b1eadff1bbeb0dc9fa4c0.JPG
"Laptop MSI Katana GF66 12UCK-804VN (i7-12650H/8GB/512GB SSD/RTX 3050 4GB/15.6"" FHD/Win11/Balô/Black) Hàng chính hãng",23980000,NGUYENVUSTORE,https://salt.tikicdn.com/cache/280x280/ts/product/1f/d9/e8/329f206a492f7bc62779491a1a8653b8.png
Laptop Dell Inspiron 14 7420 1YT85(Intel Core i7-1255U/ 16GB/ 512GB SSD NVMe/ 14'' FHD/ Win11 Home SL) - Hàng Chính Hãng,31000000,GIA DỤNG VIỆT,https://salt.tikicdn.com/cache/280x280/ts/product/d7/fa/da/2706984bfb2bac420865196577b8253c.jpg
"MSI Laptop Cyborg 15 A12VE-240VN|Intel i7-12650H|RTX 4050|Ram DDR5 8GB|512GB SSD|15.6"" FHD,144Hz, 45% [Hàng chính hãng]",27490000,MSI Laptop Official Store,https://salt.tikicdn.com/cache/280x280/ts/product/84/5a/09/a7916652e6f2021b3d653a8454ed152e.jpg
Laptop HP 340S G7 i3-1005G1/8GB/512GB/Win10 224L0PA - Hàng chính hãng,9490000,Nguyễn Kim Official,https://salt.tikicdn.com/cache/280x280/ts/product/a1/fe/c9/d3f16b59da69441cbf534a7de921762d.jpg
"Chuột không dây gaming wireless SIDOTECH S5A chuyên cho game thủ Esport pin trâu LED RGB sạc pin trực tiếp, có chế độ chuột silent, điều chỉnh DPI siêu nhạy cho máy tính laptop - Hàng Chính Hãng",269000,Sido Tech Official Store,https://salt.tikicdn.com/cache/280x280/ts/product/cc/db/57/b39680bdc2a350f55ddf794e9e75485a.jpg
Laptop MSI Modern 14 B5M R5 5500U/8GB/512GB/Túi/Chuột/Win11 (203VN) - Hàng Chính Hãng,19000000,CÔNG TY VILOCOM,https://salt.tikicdn.com/cache/280x280/ts/product/60/79/8d/8b284e2cfc027678f87fc7a80aae15ec.jpg
Laptop Dell Alienware M15 R6 P109F001CBL 15.6 Inch Core i7-11800H/ RTX 3060/Win11 + Office - Hàng Chính Hãng,58990000,Tiki Trading,https://salt.tikicdn.com/cache/280x280/ts/product/ba/bc/d6/58c41a95606dd87c58f20333fdec8ce1.jpg
"Laptop Lenovo ThinkPad X1 Carbon Gen 9 - Core i7-1165G7, 16GB, 512GB, 14"" FHD+ (Hàng Chính Hãng)",41159000,zShop Store,https://salt.tikicdn.com/cache/280x280/ts/product/44/96/9f/8998eaa7a051b99439d434e7f2bf3831.jpg
Laptop Asus TUF Dash F15 (FX517ZC-HN077W) (Core i5-12450H/8GB/512GB/RTX 3050 4GB/15.6-inch FHD/Win 11/Black)-Hàng chính hãng,23490000,NGUYENVUSTORE,https://salt.tikicdn.com/cache/280x280/ts/product/04/48/14/2863163ad06db259e7b6fe750e3caefd.png
Máy tính xách tay Laptop Dell Latitude 3420 L3420I3SSD (Intel Core i3-1115G4 | 14 Inch HD | RAM 8GB | 256GB SSD NVMe | Intel UHD Graphics | Fedora Os) - Hàng chính hãng,9990000,ThuanThienTs,https://salt.tikicdn.com/cache/280x280/ts/product/e0/be/a2/c057d9d1f3c5065787d11a0620ae76f6.jpg
"Laptop Acer Nitro 5 Tiger AN515-58-52SP (Core i5-12500H/ 8GB/ 512GB SSD/ RTX 3050/ 15.6 FHD IPS, 144Hz/ Win11) - Hàng Chính Hãng",24000000,GIA DỤNG VIỆT,https://salt.tikicdn.com/cache/280x280/ts/product/a4/5c/c3/8510e556b4ed77ded2d10f67460d8341.jpg
Laptop MSI GF66 i7-12650H/8GB/512GB/Win11 12UCK-804VN - Hàng chính hãng,24990000,Nguyễn Kim Official,https://salt.tikicdn.com/cache/280x280/ts/product/85/1c/20/2f46bbceb0af17f62a5bdba04a82b835.jpg
"Laptop HP EliteBook x360 1040 G9 (6Z981PA)/ Bạc/ Intel Core i5-1235U (upto 4.4Ghz, 12MB)/ RAM 16GB/ 512GB SSD/ Intel Iris Xe Graphics/ 14inch WUXGA/ Win 11 Pro 64  - Hàng Chính Hãng",44990000,HP Official Store,https://salt.tikicdn.com/cache/280x280/ts/product/f1/a3/96/6ba48275e32001f064f9856efacbab4b.jpg
MÀN HÌNH CONG FULL VIỀN K-vison 24 inch -MÀU ĐEN - FUll HD 1920x1080 - Chống Lóa - Tần số 75Hz - Hàng Chính Hãng,1930300,Âu Cơ Store,https://salt.tikicdn.com/cache/280x280/ts/product/85/67/4a/7bbdb21891225e94cfa54c0178bb32e7.png
Laptop Lenovo ThinkBook 15 G2 ITL i5 1135G7/8GB/512GB/Win11 (20VE00UNVN) - Hàng Chính Hãng,18990000,Ben Computer,https://salt.tikicdn.com/cache/280x280/ts/product/fb/25/40/8ed0434931954dc61f3713eb6314537a.jpg
Laptop ASUS TUF Dash F15 FX517ZM-HN480W (i7-12650H | 8GB | 512GB | GeForce RTX 3060 6GB | 15.6′ FHD 144Hz | Win 11) - Hàng Chính Hãng,29490000,NGUYENVUSTORE,https://salt.tikicdn.com/cache/280x280/ts/product/ff/c4/bc/46f6b00891fdf641a75c9f8fa619d6fa.PNG
"MSI Laptop Katana 15 B13VEK-252VN| Intel i7-13620H| Card RTX 4050|Ram DDR5 8GB|Bộ nhớ 512GB SSD|15.6"" FHD,144Hz [ Hàng chính hãng]",33490000,MSI Laptop Official Store,https://salt.tikicdn.com/cache/280x280/ts/product/fc/60/cb/b5c3e16de288d5b29b83a70bfd2214f8.jpg
"Laptop HP EliteBook 1040 G9 6Z9A5PA (Intel Core i5-1235U (upto 4.4Ghz, 12MB)/ RAM 16GB/ 512GB SSD/ Intel Iris Xe Graphics/ 14inch WUXGA/ Win 11 Pro 64/ Bạc) - Hàng Chính Hãng",38990000,HP Official Store,https://salt.tikicdn.com/cache/280x280/ts/product/6b/d6/5a/4494d51fd69719495c41b913369aeb91.png
Laptop HP VICTUS 16-d1187TX (7C0S4PA) (i7-12700H | 8GB | 512GB | GeForce RTX 3050Ti 4GB | 16.1' FHD 144Hz | Win 11) Hàng chính hãng,31490000,HP Official Store,https://salt.tikicdn.com/cache/280x280/ts/product/85/93/7a/5d70c9c4e7560682dee3a93a1ebe4a64.jpg
Laptop Dell Inspiron 15 3520 71001747 (Core i7-1255U | 8GB | 512GB | Intel Iris Xe | 15.6 inch FHD | Win 11 | Office | Đen) - Hàng chính hãng,19890000,Ben Computer,https://salt.tikicdn.com/cache/280x280/ts/product/65/4c/d0/2af3bd358bb7a91f7cb8a6b74f68786d.png
Laptop MSI Modern 14 B11MOU-1033VN ( i7-1195G7 Gen 11th | 8GB DDR4 | SSD 512GB PCIe | VGA Onboard | 14.1 FHD IPS | Win11| Gray) - Hàng Chính Hãng,15490000,NGUYENVUSTORE,https://salt.tikicdn.com/cache/280x280/ts/product/cd/9a/98/11cb8a79d1e578932dba02b1272522db.png
Laptop HP Victus 16-d1191TX 7C0S5PA i5-12500H | 16GB | 512GB |RTX 3050Ti 4GB |144Hz Hàng chính hãng,29890000,Hangchinhhieu(TP.HCM),https://salt.tikicdn.com/cache/280x280/ts/product/7f/ca/17/c6f4e4d45a1e745ac6758e9b59a4c66e.jpg
Laptop MSI Katana 15 B13VEK-252VN (i7-13620H | 8GB | 512GB | RTX 4050 6GB | 15.6' FHD 144Hz | Win 11) Hàng chính hãng,33990000,Hangchinhhieu(TP.HCM),https://salt.tikicdn.com/cache/280x280/ts/product/b1/ac/14/030644cddd4480c59e0a7dd4e3f4fd15.jpg
Laptop Lenovo Legion 5 15ARH7 82RE002WVN |R5-6600H|16GB|512 SSD|RTX 3050 Ti|Win11 - Hàng chính hãng,35090000,Lenovo Official Store,https://salt.tikicdn.com/cache/280x280/ts/product/9d/6c/43/4bfd8e2e494a9d6568c23ac057ec6110.png
Laptop HP Pavilion 15-eg2086TU 7C0Q8PA (i3-1215U | 8GB | 256GB | Intel UHD Graphics | 15.6' FHD | Win 11) Hàng chính hãng,13590000,HP Flagship Ben Computer Store,https://salt.tikicdn.com/cache/280x280/ts/product/00/21/af/c19b8fbbee25558daaddb2eaadc1fa89.jpg
Laptop Acer Gaming Nitro 5 AN515-58-769J (NH.QFHSV.003) (i7 12700H/8GB Ram/512GB SSD/RTX3050 4G/15.6 inch FHD 144Hz/Win 11/Đen) Hàng chính hãng,26990000,CIVIP Technology,https://salt.tikicdn.com/cache/280x280/ts/product/6d/12/95/9d2cb1f982884248a05166cdf4a00260.jpg
Laptop Gaming Acer Nitro 5 Tiger AN515-58-52SP (NH.QFHSV.001) (Core i5-12500H/8GB/512GB/RTX 3050 4GB/15.6 inch FHD/Win 11/Đen)- Hàng chính hãng,24990000,CIVIP Technology,https://salt.tikicdn.com/cache/280x280/ts/product/c4/44/d9/5ca9dff314271b30167365d8817b6fc8.jpg
Màn hình LG IPS 32MP60G-B 31.5'' Full HD AMD FreeSync - Hàng chính hãng,5790000,AN PHAT COMPUTER,https://salt.tikicdn.com/cache/280x280/ts/product/b0/fd/be/68e480053bf68493232c75df86b66978.jpg
Laptop Colorful AT i7 11800H/ 3060 6G DDR6/ 16G3200-D4/ SSD 512GB - Hàng Chính Hãng,42900000,COLORFUL OFFICIAL,https://salt.tikicdn.com/cache/280x280/ts/product/89/7f/40/855ce7cff3781784f0722572d1256412.jpg
Laptop HP Pavilion X360 14-ek0134TU 7C0P8PA i5-1235U | 8GB | 512GB | 14' Touch Hàng chính hãng,19670000,HP Flagship Ben Computer Store,https://salt.tikicdn.com/cache/280x280/ts/product/05/ef/12/3e057147955a1e70916f1c122e343a82.jpg
Máy Tính Xách Tay Laptop Acer Gaming Aspire 7 A715-42G-R4XX (R5 5500U/8GB RAM/256GB SSD/15.6 inch FHD/GTX1650 4G/Win11/Đen) - Hàng Chính Hãng,15480000,GIA DỤNG VIỆT,https://salt.tikicdn.com/cache/280x280/ts/product/69/81/53/5fb1fcc2b1c0a9ae927a15dadf451edd.jpg
Laptop HP Victus Gaming 16-D0292TX i5-11400H/8GB/512GB/Win11 5Z9R3PA - Hàng chính hãng,18990000,Nguyễn Kim Official,https://salt.tikicdn.com/cache/280x280/ts/product/14/c9/d9/ea0843ff31d5c185a1d31b0ca83a1aba.jpg
Laptop Gigabyte AERO 16 XE5-73VN938AH i7-12700H|2TB|GeForce RTX 3070Ti|15.6' UHD AMOLED Hàng chính hãng,82990000,Hangchinhhieu(TP.HCM),https://salt.tikicdn.com/cache/280x280/ts/product/0f/5c/07/c4626832f5e723306aaacd1fbaca404c.jpg
"MSI Laptop Crosshair 15 B12UEZ-460VN|Intel i7-12700H|RTX 3060|Ram 16GB|1TB SSD|15.6"" QHD,165Hz, 100% [Hàng chính hãng]",39990000,MSI Laptop Official Store,https://salt.tikicdn.com/cache/280x280/ts/product/e4/16/e1/db84d0658f446c312d3f7de743b0349b.jpg
"Bàn phím cơ gaming 5TECH Led RGB 10 chế độ nháy cực đẹp, chơi game gõ siêu đã, thiết kế nhỏ gọn dùng cho máy tính, laptop hàng chính hãng",349000,Gomall,https://salt.tikicdn.com/cache/280x280/ts/product/cc/dc/3d/a988d1e5df285d059059cd769c9ef3ac.jpg
"MSI Laptop Katana 15 B13VFK-676VN| Intel i7-13620H| Card RTX 4060|Ram DDR5 16GB|Bộ nhớ 1TB SSD|15.6"" FHD,144Hz [Hàng Chính hãng]",37490000,MSI Laptop Official Store,https://salt.tikicdn.com/cache/280x280/ts/product/76/bd/1f/5b08fbce9ba59e8b527c8d38dfe49c63.jpg
Laptop Lenovo Legion 5 15ARH7 82RE0035VN (R7-6800H | 8GB | 512GB | GeForce RTX 3050 4GB | 15.6' FHD 165Hz) Hàng chính hãng,27990000,Hangchinhhieu(TP.HCM),https://salt.tikicdn.com/cache/280x280/ts/product/86/52/5e/c5c1c3eac4d6c84389a7d37681c3d866.png
"Acer Nitro AN515 57 720A i7 11800H/8GB/512GB/4GB RTX3050Ti/15.6""F/144Hz/Win11/(NH.QEQSV.004)/Đen - Hàng chính hãng",25714000,Ben Computer,https://salt.tikicdn.com/cache/280x280/ts/product/cd/98/bd/ebc67ed07832305a1741463ef83f803c.jpg
Laptop MSI Crosshair 15 B12UEZ-460VN (i7-12700H | 16GB | 1TB | GeForce RTX 3060 6GB | 15.6' QHD 165Hz DCI-P3 100%) Hàng chính hãng,43990000,Hangchinhhieu(TP.HCM),https://salt.tikicdn.com/cache/280x280/ts/product/97/b0/70/beed7135cd3cbc40c19b132601b52c8c.jpg
"Bàn Phím Cơ Gaming Deli VS788 PRO LED RGB Chế Độ Nháy Cực Đẹp Khác Nhau, Phím Cơ Gõ Siêu Đã, Thiết Kế Nhỏ Gọn Tương Thích Với Laptop, PC, Máy Tính, Kiểu Dáng Gamer Game Thủ eSport Bàn Phím Văn Phòng - Hàng Chính Hãng",439000,Deli Official Store,https://salt.tikicdn.com/cache/280x280/ts/product/1a/89/a8/9d418feb34b20596a1e8ead9a79f7aee.png
Laptop Lenovo IdeaPad 5 Pro 16ARH7 82SN003KVN (R7-6800HS 16GB 512GB GeForce RTX 3050 4GB 16' WQXGA 120Hz Win 11) Hàng chính hãng,32990000,Hangchinhhieu(TP.HCM),https://salt.tikicdn.com/cache/280x280/ts/product/c5/61/0b/5daa83d4934758d7efa2dca9214ed983.jpg
Laptop Lenovo IdeaPad Gaming 3 15IAH7 82S90088VN (Core i5 12500H/16GB/512GB SSD/RTX 3050Ti/15.6 inch FHD/Win 11/Xám/2Y)- Hàng chính hãng,23990000,CIVIP Technology,https://salt.tikicdn.com/cache/280x280/ts/product/d8/b6/93/4b256646106bcb99fac5511720baa2c8.jpg
Laptop Gigabyte AORUS 15P YD-73S1224GH i7-11800H|16GB|GeForce RTX 3080 8GB|15.6' FHD 240Hz Hàng chính hãng,73990000,Hangchinhhieu(TP.HCM),https://salt.tikicdn.com/cache/280x280/ts/product/01/82/bc/6669f05d30911bc76d56e80e77425434.jpg
"Laptop Acer Nitro 5 AN515 57 5669 i5 11400H/8GB/512GB/4GB GTX1650/15.6""F/144Hz/Win11/(NH.QEHSV.001)/Đen - Hàng chính hãng",21840000,GIA DỤNG VIỆT,https://salt.tikicdn.com/cache/280x280/ts/product/2c/20/34/a1c6d304a0c7bfe3866b9c2397198122.png
"Bàn phím cơ gaming 5TECH Led RGB 10 chế độ nháy cực đẹp, chơi game gõ siêu đã, thiết kế nhỏ gọn dùng cho máy tính, laptop hàng chính hãng",349000,Gomall,https://salt.tikicdn.com/cache/280x280/ts/product/cc/dc/3d/a988d1e5df285d059059cd769c9ef3ac.jpg
"Sạc dành cho Laptop Gaming MSI GL72M 7RDX 7RDX-699 7RDX-800, GL72M 7REX 7REX-820",789999,Đạt Khang Network,https://salt.tikicdn.com/cache/280x280/ts/product/63/b2/4e/f51d5648e27bb568c594868fd99ef1e7.jpg
Laptop HP Gaming VICTUS 16-d1193TX (7C138PA) (i5-12500H/8GD5/512GSSD/16.1FHD@144Hz/WL/BT/4C/4G_RTX 3050/LEDKB/W11SL/ĐEN) Hàng chính hãng,23990000,CIVIP Technology,https://salt.tikicdn.com/cache/280x280/ts/product/6c/52/30/6d8303a4dc56dc67588d11c4a6d84a2f.jpg
Laptop HP Gaming VICTUS 16-d1191TX (7C0S5PA) ( i5-12500H/16G/512GSSD/16.1FHD@144Hz/WL/BT/4C/4G_RTX 3050ti/LKB/W11SL/XANH) Hàng chính hãng,25890000,CIVIP Technology,https://salt.tikicdn.com/cache/280x280/ts/product/8e/3d/e9/cd5ee2ffae9672d0f95de2b199dc546e.jpg
Laptop HP VICTUS 16-e1107AX (7C140PA) (R5-6600H | 8GB | 512GB | GeForce RTX 3050 4GB | 16.1' FHD 144Hz | Win 11) Hàng chính hãng,20990000,HP HCH STORE,https://salt.tikicdn.com/cache/280x280/ts/product/de/ab/c9/41e29d4f95cf7208c0c82e12ae22df69.jpg
Laptop HP Pavilion X360 14-ek0134TU 7C0P8PA i5-1235U | 8GB | 512GB | 14' Touch Hàng chính hãng,19670000,HP Flagship Ben Computer Store,https://salt.tikicdn.com/cache/280x280/ts/product/05/ef/12/3e057147955a1e70916f1c122e343a82.jpg
Laptop HP Victus 16-e1102AX 7C139PA (R7-6800H | 16GB | 512GB | GeForce RTX 3050Ti 4GB | 16.1' FHD 144Hz | Win 11) Hàng chính hãng,27390000,HP HCH STORE,https://salt.tikicdn.com/cache/280x280/ts/product/7e/7a/69/e1e62898e90c4badd61a313267effbfb.jpg
Laptop Lenovo Legion 5 15IAH7 82RC003WVN |i5-12500H|8GB|512GB|RTX 3050 Ti|Win11- Hàng chính hãng,33690000,Lenovo Official Store,https://salt.tikicdn.com/cache/280x280/ts/product/ec/6c/96/1f61dedad26afa4404ce3491480d4c13.jpg
Laptop Acer Nitro AN515-58-773Y i7-12700H/8GB/512GB/Win11 (NH.QFKSV.001) - Hàng chính hãng,26990000,Nguyễn Kim Official,https://salt.tikicdn.com/cache/280x280/ts/product/19/f2/d0/4dbb2337e8f44b38e0c100565c9a04b6.jpg
Laptop HP Victus 16-d1185TX 7C0S3PA (i7-12700H | 16GB | 512GB | GeForce RTX 3060 6GB | 16.1' FHD 144Hz | Win 11) Hàng chính hãng,37990000,Hangchinhhieu(TP.HCM),https://salt.tikicdn.com/cache/280x280/ts/product/ff/c5/d7/9aabbaf2a559f987e5128d3293e82932.jpg
"Bàn Phím Cơ Gaming Deli VS788 PRO LED RGB Chế Độ Nháy Cực Đẹp Khác Nhau, Phím Cơ Gõ Siêu Đã, Thiết Kế Nhỏ Gọn Tương Thích Với Laptop, PC, Máy Tính, Kiểu Dáng Gamer Game Thủ eSport Bàn Phím Văn Phòng - Hàng Chính Hãng",439000,Deli Official Store,https://salt.tikicdn.com/cache/280x280/ts/product/1a/89/a8/9d418feb34b20596a1e8ead9a79f7aee.png
Laptop MSI Katana GF66 12UCK-804VN (i7-12650H 8GB 512GB GeForce RTX 3050 4GB 15.6' FHD 144Hz Win 11) Hàng chính hãng,27490000,Hangchinhhieu(TP.HCM),https://salt.tikicdn.com/cache/280x280/ts/product/17/98/34/55feab89479f054f26114ecfdccfaa85.jpg
Laptop Acer Nitro 5 AN515-58-52SP i5-12500H/8GB/512GB/Win11 (NH.QFHSV.001) - Hàng chính hãng,24000000,GIA DỤNG VIỆT,https://salt.tikicdn.com/cache/280x280/ts/product/15/48/8c/bb9425f72afe162223e40008424c96fc.jpg
Sạc dành cho Laptop Asus Gaming F15 FX506LI - 180W 20V 9A,889999,Đạt Khang Network,https://salt.tikicdn.com/cache/280x280/ts/product/77/e4/a0/b34d1fbd24bf56558e5a5137785ea613.jpg
Laptop Gigabyte G5 GE-51VN213SH (i5-12500H | 16GB | 512GB | GeForce RTX 3050 4GB | Win 11) Hàng chính hãng,25790000,Hangchinhhieu(TP.HCM),https://salt.tikicdn.com/cache/280x280/ts/product/5e/54/70/10c24be168da1f8d51d3ca53ac805441.jpg
Laptop HP Pavilion 15-eg2083TU 7C0W9PA (i5-1240P | 8GB | 512GB | Intel Iris Xe Graphics | 15.6' FHD | Win 11) Hàng chính hãng,17143000,HP Flagship Ben Computer Store,https://salt.tikicdn.com/cache/280x280/ts/product/79/a7/10/769565e488a207ee0862b67761d6b862.jpg
"Máy tính xách tay SingPC M16i5972 ( Intel Core i5-8259U, 4GB , SSD 256GB, 15.6 inch FHD, LAN, Wifi, Bluetooth, Free Dos) Hàng chính hãng",14200000,SingPC Official Store,https://salt.tikicdn.com/cache/280x280/ts/product/46/ab/f4/36a914e0363812a36ca6c7f7bbd7f254.jpg
Laptop HP Gaming VICTUS 16-e1104AX (7C0S9PA) (Ryzen7-6800H/8G/512GSSD/16.1FHD@144Hz/WL/BT/4C/4G_RTX 3050/LEDKB/W11SL/ĐEN) Hàng chính hãng,24990000,CIVIP Technology,https://salt.tikicdn.com/cache/280x280/ts/product/6c/52/30/30d21e738a339b8a3aa1fc78d4368d02.jpg
"Acer Nitro 5 AN515 57 5669 i5 11400H/8GB/512GB/4GB GTX1650/15.6""F/144Hz/Win11/(NH.QEHSV.001)/Đen - Hàng chính hãng",19670000,Ben Computer,https://salt.tikicdn.com/cache/280x280/ts/product/00/c3/7e/498923524f1bdd083405c6ea166750b8.png
Sạc cho laptop Dell Gaming Inspiron 15 7566 Adapter 19.5V-6.7A,504982,Đạt Khang Network,https://salt.tikicdn.com/cache/280x280/ts/product/78/f3/5f/76e8707217bc87b26d723d74d8be348c.jpg
Laptop HP Victus 15-fa0115TX 7C0X1PA (i5-12500H | 8GB | 512GB | GeForce RTX 3050 4GB | 15.6' FHD 144Hz | Win 11) Hàng chính hãng,20690000,Vi Tính Bảo An,https://salt.tikicdn.com/cache/280x280/ts/product/57/7e/85/d19e6237cf523b61950f70df9c2c4ddd.png
Laptop HP VICTUS 16-e1106AX 7C0T1PA (R5-6600H | 8GB | 512GB | GeForce RTX 3050Ti 4GB | 16.1' FHD 144Hz | Win 11) Hàng chính hãng,22090000,HP HCH STORE,https://salt.tikicdn.com/cache/280x280/ts/product/e1/b3/0f/dcbf07780d895299b0c5ba4081714e0c.jpg
Sạc dành cho Laptop Gaming MSI GF63 10SC 10SC-014VN/VGA GTX1650 20V 6A,690000,Laptop Minh Hà,https://salt.tikicdn.com/cache/280x280/ts/product/18/4a/8f/a3f44267c27ddac97db3bed6b38cd145.jpg
"Laptop HP VICTUS 16 d0204TX i5 11400H/8GB/32GB+512GB/4GB RTX3050/16.1""F/144Hz/Win11/(4R0U5PA)/Đen - Hàng chính hãng",27253000,Ben Computer,https://salt.tikicdn.com/cache/280x280/ts/product/ca/3d/c7/91941ee791534c77c26886ee8c6c58d6.jpg
Laptop Acer Nitro 5 Eagle AN515-57-5669 i5-11400H | 8GB |512GB |GTX 1650 |15.6' FHD 144Hz Hàng chính hãng,20490000,Hangchinhhieu(TP.HCM),https://salt.tikicdn.com/cache/280x280/ts/product/61/4d/43/c3ee15df4c456ae3a031a3c51b600be5.jpg
Laptop Acer TravelMate P4 TMP414-51-50HX (i5-1135G7 8GB 512GB Intel Iris Xe Graphics 14' FHD Win 11) Hàng chính hãng,22490000,Hangchinhhieu(TP.HCM),https://salt.tikicdn.com/cache/280x280/ts/product/62/a1/eb/d9ea6a1586fdee30ad735ff80ecfacfc.jpg
Laptop HP Victus 15-fa0111TX 7C0R4PA (i5-12500H | 16GB | 512GB | GeForce RTX 3050Ti 4GB | 15.6' FHD 144Hz | Win 11) Hàng chính hãng,24790000,HP HCH STORE,https://salt.tikicdn.com/cache/280x280/ts/product/b0/60/33/df747667e96aec6d181fb5e03b5ef851.jpg
Sạc cho laptop Dell Gaming Inspiron 15 7559 Adapter 19.5V-6.7A,485000,Big Store,https://salt.tikicdn.com/cache/280x280/ts/product/c8/b0/ad/85b4927c38fc769ec61dbcdc374dbeb8.jpg
Sạc dành cho Laptop Acer Gaming Nitro 5 Eagle AN515-57 RTX 3050Ti ,890000,Laptop Minh Hà,https://salt.tikicdn.com/cache/280x280/ts/product/4a/e1/2e/e4c462b280841a0ee5c954b6ec439cbe.jpg
"""Laptop Acer Nitro 5 Tiger AN515-58-769J (i7-12700H | 8GB | 512GB | GeForce RTX 3050 4GB | 15.6′ FHD 144Hz | Win 11) - Hàng Chính Hãng""",27990000,NGUYENVUSTORE,https://salt.tikicdn.com/cache/280x280/ts/product/dc/db/6f/3d702a86f4fc61bc45c81794d8c00321.png
Laptop HP Victus 15-fa0115TX (7C0X1PA) (i5-12500H | 8GB | 512GB | GeForce RTX 3050 4GB | 15.6' FHD 144Hz | Win 11) Hàng chính hãng,22590000,HP HCH STORE,https://salt.tikicdn.com/cache/280x280/ts/product/b3/05/b4/29b469155326a4a393646bef9c07529d.jpg
Laptop Gaming Acer Nitro 5 Tiger AN515-58-52SP  i5-12500H/RAM 8GB/512GB SSD/3050 4GB Hàng Chính Hãng,26999000,NGUYENVUSTORE,https://salt.tikicdn.com/cache/280x280/ts/product/c3/c4/38/d55fe475c107f9d9bc49672be3625bec.png
"Laptop Acer Nitro 5 AN515 57 54MV i5 11400H/8GB/512GB/4GB RTX3050/15.6""F/144Hz/Win11/(NH.QENSV.003)/Đen - Hàng chính hãng",23520000,GIA DỤNG VIỆT,https://salt.tikicdn.com/cache/280x280/ts/product/99/a2/45/72a48c0c5b3d6d423ee90cc70d25ebe2.jpg
Laptop Acer Nitro 5 AN515-45-R6EV R5-5600H |8GB|512GB|GTX 1650 4GB|156' FHD 144Hz|Win 11 Hàng chính hãng,20400000,GIA DỤNG VIỆT,https://salt.tikicdn.com/cache/280x280/ts/product/5f/c9/e9/46744fd2cec9f4a649a3883b814004d2.jpg
Laptop Acer Aspire 7 A715-42G-R05G (R5-5500U | 8GB | 512GB |GTX 1650 4GB | Win 11 Hàng chính hãng,22490000,Hangchinhhieu(TP.HCM),https://salt.tikicdn.com/cache/280x280/ts/product/fa/0c/a5/e058454fb17b7da40c563466eeafbe56.jpg
Sạc dành cho Laptop Gaming Asus ROG GU501G GU501GM Laptop Charger 6.0mm AC Adapter 230W,1289999,Đạt Khang Network,https://salt.tikicdn.com/cache/280x280/ts/product/a0/14/79/45c5d6f93fb2ffa1e764634bcbab547d.jpg
"Máy Tính Xách Tay Laptop Acer Aspire 7 Gaming A715-75G-58U4 (NH.Q97SV.004) (Core i5-10300H, 8GB Ram, 512GB SSD NVMe, 15.6 inch IPS FHD, GTX 1650 4GB, Win11H, 2.15Kg, Đen) - Hàng Chính Hãng",17000000,GIA DỤNG VIỆT,https://salt.tikicdn.com/cache/280x280/ts/product/ec/de/13/629ca47e0741cd597f1fcce0a6c8d0e8.jpg
Laptop HP Victus 16-e1105AX 7C0T0PA R5-6600H | 16GB | 512GB |RTX 3050Ti 4GB |144Hz Hàng chính hãng,27990000,Hangchinhhieu(TP.HCM),https://salt.tikicdn.com/cache/280x280/ts/product/3f/ef/83/2431dbfdc7ff9bb908f9af962b56320e.jpg
Laptop HP Victus 16-d0293TX 5Z9R4PA i5-11400H | 8GB | 512GB |RTX 3050Ti 4GB |144Hz Hàng chính hãng,27990000,Hangchinhhieu(TP.HCM),https://salt.tikicdn.com/cache/280x280/ts/product/d7/ca/e4/e635ccb5dd4bddb515f363d74905a798.jpg
Laptop HP Pavilion 15-eg2062TX 7C0W7PA i5-1235U | 8GB | 512GB | MX550 2GB | 15.6' | W11 Hàng chính hãng,21390000,Hangchinhhieu(TP.HCM),https://salt.tikicdn.com/cache/280x280/ts/product/d3/ff/81/380c0f45e3ff305c964b0f42a057ba22.jpg
Laptop HP Victus 15-fa0108TX 7C0X0PA i7-12700H | 16GB | 512GB | RTX 3050Ti 4GB | 15.6' FHD Hàng chính hãng,39990000,Hangchinhhieu(TP.HCM),https://salt.tikicdn.com/cache/280x280/ts/product/92/a1/d2/a0a1cce1f4fe0bda451d8ab8e70dd588.jpg
Laptop Acer Aspire 7 A715-43G-R8GA(R5-5625U|8GB|512GB|GeForce RTX3050 4GB|15.6' FHD144Hz |W11 Hàng chính hãng,19600000,GIA DỤNG VIỆT,https://salt.tikicdn.com/cache/280x280/ts/product/f9/b7/f5/d90936690ed47a6d4ff30732eff1e3a3.jpg
Sạc dành cho Laptop Gaming MSI Katana GF66 11SC GF66 11UC 11UC-453 11UC-1091 GF66 11UD,850000,Laptop Minh Hà,https://salt.tikicdn.com/cache/280x280/ts/product/01/48/50/e257afd2d72c88a83fdac830475eb5ef.jpg
Laptop HP 240 G8 6L1A1PA (i3-1115G4 | 8GB | 256GB | Intel UHD Graphics | 14' FHD | Win 11) Hàng chính hãng,11090000,HP HCH STORE,https://salt.tikicdn.com/cache/280x280/ts/product/3d/71/0d/c75dde9edd3b019a12bab2f0e79bf820.jpg
Sạc dành cho Laptop Gaming Acer Nitro 5/ 7 AN517-52-52T3 AN715-51 AN715-52 ,850000,Laptop Minh Hà,https://salt.tikicdn.com/cache/280x280/ts/product/4f/0b/b1/c3e0d32e5164d642038ef0b209c60342.jpg
Sạc cho laptop Dell Gaming Inspiron 7567 Adapter 19.5V-6.7A,480000,Big Store,https://salt.tikicdn.com/cache/280x280/ts/product/78/f3/5f/6a42fd64fc8a9cc0148fa5b8228c8542.jpg
Sạc cho Laptop Gaming Asus ROG Strix SCAR II GL504GV GL504GS GL504GM - 230W,1289998,Đạt Khang Network,https://salt.tikicdn.com/cache/280x280/ts/product/eb/30/da/27c2295ea02ce3c03e95ac6de9d90cac.jpg
Laptop Gigabyte G5 GE-51VN263SH (i5-12500H | 8GB | 512GB | GeForce RTX 3050 4GB | 15.6' FHD 144Hz | Win 11) Hàng chính hãng,24990000,Hangchinhhieu(TP.HCM),https://salt.tikicdn.com/cache/280x280/ts/product/d7/69/a0/03ad16e13fb7630355a5962c44bb3449.jpg
Màn hình máy tính Tomko T2721F 27 inch Full 3 viền IPS 75Hz (HDMI+VGA+DC) - siêu rẻ siêu chất lượng - Hàng chính hãng,2762100,Âu Cơ Store,https://salt.tikicdn.com/cache/280x280/ts/product/dc/56/c7/f342925f27e4884e577ee8548befc6ec.png
Sạc dành cho Laptop Gaming ACER Predator Helios 300 PH315-52 - Hàng Nhập Khẩu ,850000,Đạt Khang Network,https://salt.tikicdn.com/cache/280x280/ts/product/c9/cd/d2/fd44ab4a5829238c4fcc5354d1f4510a.jpg
Laptop Gigabyte G5 ME-51VN263SH (i5-12500H | 8GB | 512GB | GeForce RTX 3050Ti 4GB | 15.6' FHD 144Hz | Win 11) Hàng chính hãng,26490000,Hangchinhhieu(TP.HCM),https://salt.tikicdn.com/cache/280x280/ts/product/e5/db/c5/d4281c06a235ca5d0f1a99b758db65dd.jpg
Màn hình máy tính Tomko T2421F 24 inch full viền IPS 75Hz – Siêu chất lượng - Hàng Chính Hãng Tomko,2318300,Âu Cơ Store,https://salt.tikicdn.com/cache/280x280/ts/product/9c/49/a2/db09a9245663375ee0b3c823d93a550c.png
Laptop HP Victus 16-d1193TX 7C138PA (i5-12500H | 8GB | 512GB | GeForce RTX 3050 4GB | 16.1' FHD 144Hz | Win 11) Hàng chính hãng,27690000,Hangchinhhieu(TP.HCM),https://salt.tikicdn.com/cache/280x280/ts/product/83/8e/32/771a8396343e8168581fbf77919019b4.jpg
"Máy tính xách tay SingPC M16i31082 (ntelCore i3-10110U, 8GB, SSD 256GB, 15.6 inch FHD, LAN, Wifi, Bluetooth, Free Dos) Hàng chính hãng",13500000,SingPC Official Store,https://salt.tikicdn.com/cache/280x280/ts/product/46/ab/f4/eb01a666c89318e3a209a678b25bb0da.jpg
Sạc dành cho Laptop Gaming Asus ROG Strix SCAR II GL504 GL504GS-ES025T GL504GM-ES044T Gunmetal Aluminum  ,1289998,Đạt Khang Network,https://salt.tikicdn.com/cache/280x280/ts/product/e1/97/68/26ae89280eb76cef7ab7394a12b0076b.jpg
Laptop HP Victus 16-e1105AX (7C0T0PA) (R5-6600H | 16GB | 512GB | GeForce RTX 3050Ti 4GB | 16.1' FHD 144Hz | Win 11)- Hàng chính hãng,23390000,HP HCH STORE,https://salt.tikicdn.com/cache/280x280/ts/product/6d/be/f9/1629d55462de7906062fe84dec1f38c6.jpg
Laptop Acer Nitro5 Tiger AN515-58-769J(i7-12700H|8GB|512GB|RTX3050 4GB|15.6' FHD 144Hz|W11 Hàng chính hãng,29900000,Hangchinhhieu(TP.HCM),https://salt.tikicdn.com/cache/280x280/ts/product/2e/63/0e/4cfd1e7a6f02fdf48c52573ddcc37976.jpg
Laptop HP Pavilion 15-eg2065TX 7C0Q3PA i5-1235U | 8GB | 256GB | MX550 2GB | 15.6' FHD Hàng chính hãng,20390000,Hangchinhhieu(TP.HCM),https://salt.tikicdn.com/cache/280x280/ts/product/04/bd/af/1b35da99ce75df80240e17c3e6136f19.jpg
Laptop HP Pavilion 15-eg2063TX 7C0Q2PA i5-1235U | 8GB | 512GB | MX550 2GB | 15.6' FHD Hàng chính hãng,21390000,Hangchinhhieu(TP.HCM),https://salt.tikicdn.com/cache/280x280/ts/product/3d/2b/90/d0c768c3757f973acf75b5b3481a9d49.jpg
Laptop HP Victus 15-fa0111TX 7C0R4PA (i5-12500H | 16GB | 512GB | GeForce RTX 3050Ti 4GB | 15.6' FHD 144Hz | Win 11) Hàng chính hãng,29290000,Hangchinhhieu(TP.HCM),https://salt.tikicdn.com/cache/280x280/ts/product/bc/09/8d/6df73cf3e86529ebe57155532f28d636.jpg
Màn hình K-Vision 27 inch cong IPS tràn viền 75Hz mới - HÀNG CHÍNH HÃNG,2609300,Âu Cơ Store,https://salt.tikicdn.com/cache/280x280/ts/product/07/81/17/5547beaf13828d22a21ba6752a17e148.png
Sạc dành cho Laptop Gaming ACER Predator Helios 300 PH315-52,794978,Đạt Khang Network,https://salt.tikicdn.com/cache/280x280/ts/product/26/30/7b/10efc1124561c1507ebd2fb0ba73fd83.jpg
Laptop HP VICTUS 16-e1107AX 7C140PA R5-6600H | 8GB | 512GB |RTX 3050 4GB | 16.1' 144Hz Hàng chính hãng,25490000,Hangchinhhieu(TP.HCM),https://salt.tikicdn.com/cache/280x280/ts/product/26/df/43/b22bc0ec164988e02473fe0e57b095f6.jpg
Sạc dành cho Laptop Gaming MSI MS-17FS GL66 GF76 WF76 Sword AC Power Adapter 180W 20V 9A,1049999,Đạt Khang Network,https://salt.tikicdn.com/cache/280x280/ts/product/c0/71/37/d9e51706b1650c7938c3865f2d455567.jpg
Laptop HP Pavilion X360 14-ek0130TU 7C0P5PA i3-1215U | 8GB | 256GB | 14' Touch Hàng chính hãng,17390000,Hangchinhhieu(TP.HCM),https://salt.tikicdn.com/cache/280x280/ts/product/c1/e4/ea/ff00af77a2cbd611a8183502b7509994.jpg
Sạc dành cho Laptop Dell Gaming G5 15 5500,889999,Đạt Khang Network,https://salt.tikicdn.com/cache/280x280/ts/product/7c/62/9e/0b05c30a511ce4a1850d58977d8f0c00.jpg
Laptop HP Victus 15-fa0108TX 7C0X0PA i7-12700H | 16GB | 512GB | RTX 3050Ti 4GB | 15.6' FHD 144Hz | Win 11 Hàng chính hãng,28490000,HP HCH STORE,https://salt.tikicdn.com/cache/280x280/ts/product/f8/38/6c/b3771df0566c4aa16a51536f9aaa9fed.jpg
Màn hình máy tính 32 inch 2KTomko T3232Q Tần số quét 75HZ Tấm nền IPS - Hàng chính hãng,4258300,Âu Cơ Store,https://salt.tikicdn.com/cache/280x280/ts/product/0f/4d/a2/30ee28bc69186194dac4290303154f43.png
Màn hình K-vison 24 inch GM241VNG độ phân giải FUll HD 1920x1080 - Chống Lóa - Tần số 165Hz - Hàng Chính Hãng,2813000,Âu Cơ Store,https://salt.tikicdn.com/cache/280x280/ts/product/f7/9f/fc/7878722f75fb1daa2afcdbf995d861c2.png
Sạc cho Laptop Gaming MSI GP72MVR 7RFX Leopard Pro 180W - Hàng Nhập Khẩu New Seal,879646,MISUFUJl OFFICIAL STORE,https://salt.tikicdn.com/cache/280x280/ts/product/3d/ec/a9/abf57698a01bcd90918b9c3803fca309.jpg
"Laptop Acer Nitro Gaming AN515-58-769J i7 12700H/8GB/512GB/15.6""FHD/GeForce RTX 3050 4GB/Win11 - Hàng Chính Hãng",27565000,Ben Computer,https://salt.tikicdn.com/cache/280x280/ts/product/83/4d/72/98604bb4e11ac677bece857080aa39de.jpeg
Bàn phím dành cho Laptop Dell Inspiron Gaming 15-7559 LED đỏ,523449,Đạt Khang Network,https://salt.tikicdn.com/cache/280x280/ts/product/3b/af/c1/101525feb7d46a8baf702ec5f576fd30.jpg
Màn Hình TOMKO LIVE STREAM 27 INCH 2K T2721QQ 27 Inch – Tấm nền IPS / 75HZ / 2560 x 1440 QHD (Quad HD) - Màn Hình GAMING - Hàng chính hãng,4636600,Âu Cơ Store,https://salt.tikicdn.com/cache/280x280/ts/product/94/30/81/38e4331880e231099597bd935c247cfe.jpg
Sạc dành cho Laptop Gaming Asus FX705 FX705DD FX705DT FX705DU G531GT,789998,Đạt Khang Network,https://salt.tikicdn.com/cache/280x280/ts/product/3c/97/72/afb78519d8a10f9c3dac27bdaf9e153e.jpg
Màn hình K-vison 24 inch độ phân giải FUll HD 1920x1080 - Chống Lóa - Tần số 75Hz - Hàng Chính Hãng,1930300,Âu Cơ Store,https://salt.tikicdn.com/cache/280x280/ts/product/e3/83/d5/be9a8dee73b67b0719ca41054a1984de.png
Pin dành cho Laptop DELL Inspiron 15 G3 3579 Gaming mã 33YDH,1049998,Đạt Khang Network,https://salt.tikicdn.com/cache/280x280/ts/product/7d/0a/dd/3a459c72b3741131b4ed4006acd5848b.jpg
Sạc cho Laptop Gaming Acer Aspire 7 A715-71G A715-72G A715-74G - 135W,594940,Vua linh kiện laptop,https://salt.tikicdn.com/cache/280x280/ts/product/ac/4d/fc/d2008aeb3947ad8c0007f81b59868492.jpg
Sạc dành cho Laptop Gaming MSI Steath 15M,849998,Đạt Khang Network,https://salt.tikicdn.com/cache/280x280/ts/product/2d/31/2b/efe5a4bcfba9cdc788aa10087856cf08.jpg
"Balô máy tính xách tay Gigabyte Gaming Backbag 17"" inch Hàng chính hãng",590000,Hangchinhhieu(TP.HCM),https://salt.tikicdn.com/cache/280x280/ts/product/b5/ac/ea/d9b86316f16e07fd952084bfef6f4780.jpg
Sạc dành cho Laptop Asus Gaming ROG X571 F571 X571GD  F571GD-BQ319T F571GT-BQ266T,750000,Laptop Minh Hà,https://salt.tikicdn.com/cache/280x280/ts/product/63/4c/44/6aa4d2595e99dc91748b66b4fe6a6879.jpg
Sạc 240W dành cho Laptop Gaming ASUS ROG Zephyrus Duo 15 GX551 GX551QM GX550LXS GX550LWS-XS79,1290000,Laptop Minh Hà,https://salt.tikicdn.com/cache/280x280/ts/product/31/c7/3a/e5920cdc0ee7247d3e281f8b8e798cd7.jpg
"Máy tính xách tay HP VICTUS Gaming 16-e1107AX (7C140PA)/ đen/ AMD Ryzen 5 6600H (up to 4.5GHz,19MB)/ RAM 8GB/ 512GB SSD/ NVIDIA Geforce RTX 3050 4GB/ 16.1 Inch FHD 144Hz/ Win 11H/ 1Yr - Hàng chính hãng",21209000,HP Flagship Ben Computer Store,https://salt.tikicdn.com/cache/280x280/ts/product/a8/47/99/be4ca395df1c3460326033056606f9ca.jpg
Sạc dành cho Laptop Asus TUF Gaming FX505 FX505D FX505DU FX505DT AC Adapter - 150W ,744998,Đạt Khang Network,https://salt.tikicdn.com/cache/280x280/ts/product/cf/df/bf/d8d5e73ccd4c935d179415718a551c2b.jpg
Sạc dành cho Laptop Gaming Acer Nitro 5 AN515-54 AN515-51 AN515-53 AN515-43 AN515-41,849998,Đạt Khang Network,https://salt.tikicdn.com/cache/280x280/ts/product/26/30/7b/3fc846efcfde0becb4da9be235910463.jpg
Pin dành cho Laptop HP Pavilion Gaming 15-cx0177TX 15-cx0178TX 15-cx0179TX  15-cx0182TX ,1079998,Vua linh kiện laptop,https://salt.tikicdn.com/cache/280x280/ts/product/06/da/ad/5685cdcf233acb28646a816678e78aff.jpg
Sạc cho laptop Dell Gaming Inspiron 7567 Adapter 19.5V-6.7A - Hàng Nhập khẩu,625900,Đạt Khang Network,https://salt.tikicdn.com/cache/280x280/ts/product/b3/99/a0/2ccfb46c4577ea61bf63dc639db6e1f4.jpg
"Acer Nitro AN515 57 71VV i7 11800H/8GB/512GB/4GB RTX3050/15.6""F/144Hz/Win11/(NH.QENSV.005)/Đen - Hàng chính hãng",25264000,Ben Computer,https://salt.tikicdn.com/cache/280x280/ts/product/4e/08/9b/0b4fdee3b00555c6f39d4e50d85b6bf6.jpg
"Sạc cho Laptop Gaming Acer Nitro 5 AN515-52, AN515-52-5425, AN515-52-51LW, AN515-52-75FT ",599000,TIN HỌC THÀNH NHÂN,https://salt.tikicdn.com/cache/280x280/ts/product/d0/51/2c/d2561829b41b6aacbc4cd3536dbee5cd.jpg
Sạc (Adapter for) dành cho Laptop Gaming Gigabyte G5 MD-51US123SH GIGABYTE Aero 15 SERIES,1289999,Đạt Khang Network,https://salt.tikicdn.com/cache/280x280/ts/product/94/15/00/c0deeb4b8ce309ef56ef1adfe08c7f93.jpg
"Màn hình chuyên Gaming K-Vision Cong 27 inch ,Tràn viền , 165hz - IPS - FHD , Hàng chính hãng - Bảo hành 24 Tháng",3653100,Âu Cơ Store,https://salt.tikicdn.com/cache/280x280/ts/product/d7/b6/f0/3f542406b2a85e4d327887bd2a9e1a22.jpg
Bàn phím cơ Coputa Bàn phím máy tính laptop gaming mini Full LED Rainbow T60,435000,Coputa,https://salt.tikicdn.com/cache/280x280/ts/product/0c/72/0b/e5a3c734a82e728e08273b188253d558.jpg
MÀN HÌNH CONG FULL VIỀN K-vison 24 inch -MÀU TRẮNG -  FUll HD 1920x1080 - Chống Lóa - Tần số 75Hz - Hàng Chính Hãng,1970100,Âu Cơ Store,https://salt.tikicdn.com/cache/280x280/ts/product/56/3c/c5/96daf40ed874939f06641cc10765d560.png
Sạc cho Laptop Gaming MSI GS63 Stealth 8RD 150W,849998,Đạt Khang Network,https://salt.tikicdn.com/cache/280x280/ts/product/bd/06/04/340efd5588557be25907ade798da861f.jpg
Sạc dành cho Laptop HP VICTUS 16 16-E Series 16-E0514NA Gaming Laptop Charger Adapter 150W 19.5V 7.7A,1049999,Đạt Khang Network,https://salt.tikicdn.com/cache/280x280/ts/product/e3/b8/96/460d55354e33f1295c7ab2045259df8a.jpg
Bàn phím cơ Coputa bàn phím máy tính gaming laptop mini full LED 61 phím có dây K620,508257,Coputa,https://salt.tikicdn.com/cache/280x280/ts/product/72/ec/af/e5e2ec7332bb6c1c57bc0328dfed24ca.jpg
Sạc dành cho Laptop ASUS ROG Tuf Zephyrus G14 G15 Gaming 20V-9A 180W,889998,Đạt Khang Network,https://salt.tikicdn.com/cache/280x280/ts/product/77/e4/a0/e278894b10ab9a18699c675ba7f10f5c.jpg
Sạc dành cho Laptop ASUS TUF Gaming F17 FX706HM ADP-200JB D 200W 20V 10A AC Adapter,1049999,Đạt Khang Network,https://salt.tikicdn.com/cache/280x280/ts/product/b6/f1/97/eae593176b7619f2840cc2c82d040801.jpg
PX2 Wireless Mouse Rechargeable Metal Silent for PC Laptop Gaming Desktop,403000,Magideal,https://salt.tikicdn.com/cache/280x280/ts/product/76/e7/76/80da10df474ccf8a71fac580288028e7.jpg
BALO LAPTOP GAMING 15.6 & 17.3 - ROG,329000,Gearvngaming,https://salt.tikicdn.com/cache/280x280/ts/product/c8/8c/b3/00f6e05de8b986dd1275dff41ab6acc3.jpg
Sạc dành cho Laptop ASUS TUF Gaming A15 2021 TUF Gaming F15 2021 200W Charger ADP-200JB D AC Adapter,1049999,Đạt Khang Network,https://salt.tikicdn.com/cache/280x280/ts/product/b6/f1/97/3cec0356031591514a8f8e00bbab938a.jpg
Sạc cho Laptop Asus TUF Gaming A15 FA506II-AL016t - 150W 20V 7.5A,749998,Đạt Khang Network,https://salt.tikicdn.com/cache/280x280/ts/product/3c/97/72/d20a961d50c0ab3dfeda736df30bf628.jpg
Pin dành cho Laptop DELL Inspiron 15 G3 3579 Gaming mã 33YDH - Hàng Nhập Khẩu ,1019900,Đạt Khang Network,https://salt.tikicdn.com/cache/280x280/ts/product/d1/55/0c/781eebe225a1d2424883473df75e022d.jpg
Laptop HP VICTUS 15-fa0110TX 7C0R3PA i7-12700H | 8GB | 512GB |RTX 3050 4GB | 15.6' 144Hz Hàng chính hãng,30490000,Hangchinhhieu(TP.HCM),https://salt.tikicdn.com/cache/280x280/ts/product/8f/f5/99/c54e9be809130e307ce78e72bbbdec11.jpg
Laptop HP Victus 16-e1104AX 7C0S9PA R7-6800H | 8GB | 512GB |RTX 3050 4GB | 16.1' 144Hz Hàng chính hãng,29290000,Hangchinhhieu(TP.HCM),https://salt.tikicdn.com/cache/280x280/ts/product/16/74/dc/e1d43892c16d8ba795bc94892481062a.jpg
Laptop HP Victus 16-e0168AX 4R0U6PA R7-5800H | 8GB | 512GB |RTX 3050Ti 4GB | 144Hz W11 Hàng chính hãng,29990000,Hangchinhhieu(TP.HCM),https://salt.tikicdn.com/cache/280x280/ts/product/2d/16/3f/931d96b56606a75683164a948bfd75cd.jpg
Laptop HP Victus 16-d1193TX 7C138PA (i5-12500H | 8GB | 512GB | GeForce RTX 3050 4GB | 16.1' FHD 144Hz | Win 11) Hàng chính hãng,23290000,HP HCH STORE,https://salt.tikicdn.com/cache/280x280/ts/product/7b/9f/2c/3ce3ab262e3bf1c310ce58b0ea9e1b21.jpg
Sạc cho laptop Dell Gaming Inspiron 15 7559 Adapter 19.5V-6.7A - Hàng Nhập Khẩu New Seal,604336,MISUFUJl OFFICIAL STORE,https://salt.tikicdn.com/cache/280x280/ts/product/34/53/30/370b3e2e9c7f86ede493405bc4861a39.jpg
"Máy tính xách tay HP VICTUS Gaming 16-e1105AX (7C0T0PA)/ Performance blue/ AMD Ryzen 5 6600H (up to 4.5GHz,19MB)/ RAM 16GB/ 512GB SSD/ NVIDIA Geforce RTX 3050Ti 4GB/ 16.1 Inch 144Hz FHD/ Win 11H/ 1Yr - Hàng chính hãng",26374000,HP Flagship Ben Computer Store,https://salt.tikicdn.com/cache/280x280/ts/product/c4/d4/26/46a0ab46232d28faf0258313141183ed.jpg
Sạc dành cho laptop Lenovo Legion Gaming Y540 15IRH - Hàng Nhập Khẩu - Sản phẩm mới 100%,754582,MSmart Offical,https://salt.tikicdn.com/cache/280x280/ts/product/54/1c/7e/6610ab9351df7725d71b531af0a71085.jpg
Pin dùng cho Laptop DELL Inspiron 15 G3 3579 Gaming mã 33YDH - Hàng Nhập Khẩu New Seal,1024546,MISUFUJl OFFICIAL STORE,https://salt.tikicdn.com/cache/280x280/ts/product/d7/7d/6f/2b3706999d32d90da11b33a572e1edd8.jpg
Laptop Gigabyte A5 K1-AVN1030SB (R5-5600H | 8GB | 512GB | GeForce RTX 3060 6GB | Win 11) Hàng chính hãng,22990000,Hangchinhhieu(TP.HCM),https://salt.tikicdn.com/cache/280x280/ts/product/15/ed/cd/374e292683b23a8be7ce8e0bb4e0bbb1.jpg
Laptop HP Victus 16-e1104AX 7C0S9PA (R7-6800H | 8GB | 512GB | GeForce RTX 3050 4GB | 16.1' FHD 144Hz | Win 11) Hàng chính hãng,24790000,HP HCH STORE,https://salt.tikicdn.com/cache/280x280/ts/product/28/a7/1d/eec7af30e91a9d768849de8f0527674d.jpg
"Sạc dành cho Laptop Asus HERO GL503VD, Asus HERO GL503VM - BLACK ROG - Gaming ",649998,Đạt Khang Network,https://salt.tikicdn.com/cache/280x280/ts/product/59/93/0a/faf8378af05c53e8e3928b86f85f7f0b.jpg
Laptop Acer Nitro 5 Eagle AN515-57-54MV i5-11400H 8GB 512GB GeForce RTX 3050 4GB 15.6' FHD 144Hz Hàng chính hãng,23520000,GIA DỤNG VIỆT,https://salt.tikicdn.com/cache/280x280/ts/product/6d/be/3f/ea000c8142b64aef3209ddae5826727e.jpg
"Sạc dành cho Laptop Lenovo Legion 7 Gen 6 16"" Gaming SA10R16956 charger 300W 20V 15A",1489999,Đạt Khang Network,https://salt.tikicdn.com/cache/280x280/ts/product/dc/31/22/73f295e345c145c7f56917b19e97dec6.jpg
Laptop Acer Nitro 5 Tiger AN515-58-52SP i5-12500H|8GB|512GB|RTX 3050 4GB|15.6' 144Hz Hàng chính hãng,27990000,Hangchinhhieu(TP.HCM),https://salt.tikicdn.com/cache/280x280/ts/product/71/a4/5e/06a5d4aad59a1a829eca6d38c6521252.jpg
BALO LAPTOP GAMING 15.6 & 17.3 - ROG,400000,Gearvngaming,https://salt.tikicdn.com/cache/280x280/ts/product/c8/8c/b3/bb33638acf6d054339f9d9b8eae2cbe0.jpg
Laptop Lenovo IdeaPad Gaming 3 15ARH7 82SB007MVN | AMD Ryzen 7 6800H | 16GB | 512GB SSD | RTX 3050 Ti 4GB | 15.6 inch Full HD IPS 120Hz | Win 11 | LED KEY RGB | Hàng chính hãng,26290000,Vi Tính Bảo An,https://salt.tikicdn.com/cache/280x280/ts/product/90/73/99/0db8369e7873ef63ad813e9b81ddd5d2.png
ROG BP4701 - Balo chuyên cho Laptop Gaming ROG,599000,Gearvngaming,https://salt.tikicdn.com/cache/280x280/ts/product/37/84/f5/1a24fce42cfb4b548be1352a793da10a.jpg
Laptop HP Victus 16-d1185TX 7C0S3PA (i7-12700H | 16GB | 512GB | GeForce RTX 3060 6GB | 16.1' FHD 144Hz | Win 11) Hàng chính hãng,32890000,HP HCH STORE,https://salt.tikicdn.com/cache/280x280/ts/product/f8/30/99/ccbd603d5332fc5b2caf776ac7ed2f9d.jpg
Laptop HP VICTUS 16-e1106AX 7C0T1PA R5-6600H | 8GB | 512GB |RTX 3050Ti 4GB | 16.1' 144Hz Hàng chính hãng,26490000,Hangchinhhieu(TP.HCM),https://salt.tikicdn.com/cache/280x280/ts/product/93/40/88/007cfb84387f907dd45bae2a99aca630.jpg
Laptop HP VICTUS 15-fa0110TX 7C0R3PA (i7-12700H | 8GB | 512GB | GeForce RTX 3050 4GB | 15.6' FHD 144Hz | Win 11) Hàng chính hãng,25290000,HP HCH STORE,https://salt.tikicdn.com/cache/280x280/ts/product/35/96/89/4ca5495877b9d10d3e4a1164a2f32526.jpg
Balo LAPTOP GAMING GS AIR 15.6-17 Inch,319000,Gearvngaming,https://salt.tikicdn.com/cache/280x280/ts/product/70/44/d0/f2cc11ac39935de6384ade176514a8e1.jpg
Sạc dành cho Laptop Asus TUF Gaming A15 FA506IV FA506IH FA506II FA506IU,1289998,Đạt Khang Network,https://salt.tikicdn.com/cache/280x280/ts/product/ef/32/2a/7f697f159a3c3fc2a45ddbd211bfaa9b.jpg
 Sạc dành cho Laptop MSI Tian GT77 Gaming RTX3080Ti ADP-330CB B 330W AC Adapter Charger TYPE USB 3-Prong,1589999,Đạt Khang Network,https://salt.tikicdn.com/cache/280x280/ts/product/c0/22/2c/180da48b4cb153e4314d49ea40fd42f1.jpg
Bàn phím cơ Coputa Bàn phím máy tính laptop gaming Full LED RGB T907,475000,Coputa,https://salt.tikicdn.com/cache/280x280/ts/product/e2/60/1b/f404d15eaf447e9e80ddecb7b907c659.jpg
Sạc dành cho Laptop ASUS TUF Gaming FX504 FX504GM - 150W,649999,Đạt Khang Network,https://salt.tikicdn.com/cache/280x280/ts/product/d3/34/8a/68f37159f699fb6beba64ca460e21255.jpg
Bàn phím cơ Coputa Bàn phím máy tính laptop gaming có dây cao cấp Full LED Rainbow nhiều chế độ K3,528000,Coputa,https://salt.tikicdn.com/cache/280x280/ts/product/0d/0e/1c/b92ba553fd40481f4f8d65cd6e4e3145.jpg
Túi Chống Sốc Chống Va Đập Kalidi 360* Laptop/Macbook/Surface. Túi laptop 17inch laptop gaming,377000,MacGu Shop,https://salt.tikicdn.com/cache/280x280/ts/product/aa/19/f5/55af48a0a59a6ae4d1832c39dfe4d7a8.jpg
Sạc dành cho Laptop Lenovo IdeaPad Gaming 3 15IMH05 15ARH05,689998,Đạt Khang Network,https://salt.tikicdn.com/cache/280x280/ts/product/e9/56/38/446d820b62cd78d59a5dc15b4fac9f39.jpg
Balo Laptop Gaming ROG Big Size (17.3 Inch) 2021,369000,Gearvngaming,https://salt.tikicdn.com/cache/280x280/ts/product/b1/af/2f/cef8180eb0a41969d696f36db0a69e0a.jpg
Bàn phím dành cho Laptop HP Pavilion Gaming 15-cb series,434996,Vua linh kiện laptop,https://salt.tikicdn.com/cache/280x280/ts/product/79/ca/04/ae37cbc0efefda31c3a1c47671883eb2.jpg
Sạc cho Laptop Gaming MSI GE73 Raider 8RF RGB Edition 240W - Hàng Nhập Khẩu New Seal,1128046,MISUFUJl OFFICIAL STORE,https://salt.tikicdn.com/cache/280x280/ts/product/28/6e/e4/cd1078166312c5a5fb269765016486be.jpg
"Bàn phím dành cho Laptop Dell Inspiron Gaming 15-5576, 5577 LED đỏ",598664,Đạt Khang Network,https://salt.tikicdn.com/cache/280x280/ts/product/6f/e8/9b/55218f0a447a5840afb49e7fcab52f5c.jpg
Bàn phím cơ Coputa bàn phím máy tính có dây laptop mini gaming chơi game mini Full LED K620,340000,Coputa,https://salt.tikicdn.com/cache/280x280/ts/product/a1/1c/d8/1f563469f6db50e93fd6e3f70f31e022.jpg
"️ Đế Tản Nhiệt Máy Tính Laptop Gaming Cao Cấp, 3 Quạt Gió, Thiết Kế Độc Đáo",324000,giadungbao,https://salt.tikicdn.com/cache/280x280/ts/product/c4/ec/82/2fbeb44d588e0af7ebb7cdc86b07c9df.jpg
QUẠT TẢN NHIỆT DÙNG CHO LAPTOP GAMING PAD N11 - JL,139000,Công Nghệ July,https://salt.tikicdn.com/cache/280x280/ts/product/6b/81/aa/8663f59537456ff48411034925c4e03f.jpg
Sạc dành cho (Adapter Charger for) Laptop Gaming MSI GE75 Raider GeForce RTX 2070 7.4mm 20V 14A 280W AC Power,1489999,Đạt Khang Network,https://salt.tikicdn.com/cache/280x280/ts/product/d3/18/22/60a34d28e7566aaff740213b1c0aa92e.jpg
"Sạc dành cho Laptop Gaming MSI GL65 9SEK Series GL65 9SEK-047VN, 9SEK-612 9SEK-615 9SEK-850",850000,Laptop Minh Hà,https://salt.tikicdn.com/cache/280x280/ts/product/eb/dd/10/7415e79b459546647f6e8e7af539ac71.jpg
Sạc dành cho Laptop Gaming Asus ROG SCAR III G731G_N-UEV046T  G731-UEV140T,1290000,Laptop Minh Hà,https://salt.tikicdn.com/cache/280x280/ts/product/d5/34/09/5b05ec8e88549c9aa68ccad3d1017f49.jpg
Sạc dành cho Laptop Gaming Asus ROG Strix SCAR 17 G732 G732LXS-HG059T Adapter - 280W,1489998,Đạt Khang Network,https://salt.tikicdn.com/cache/280x280/ts/product/18/be/38/d0f618f9dbc608d67775de9394b21bec.jpg
Sạc dành cho Laptop Gaming ASUS ROG GR8 II GU502 GU502GV GX501 6.0 3.7mm,1290000,Laptop Minh Hà,https://salt.tikicdn.com/cache/280x280/ts/product/d5/34/09/46cb228bcd870426a36dac7e34f48297.jpg
Sạc dùng cho laptop Gaming ASUS ROG G703GI G703GS G703GXR - Hàng Nhập Khẩu New Seal,1468453,MISUFUJl OFFICIAL STORE,https://salt.tikicdn.com/cache/280x280/ts/product/49/0b/8e/2f4ab1350304510515299bc91a4ab76d.jpg
Balo Laptop Gaming Nam Nữ Thời Trang Có Cổng Sạc USB Đa Năng - BL002,289000,Mymy shop,https://salt.tikicdn.com/cache/280x280/ts/product/7a/dc/a2/ba2a0f421e1bbc4f9dfd7206608074df.jpg
"Sạc cho Laptop Gaming Asus ROG F570ZD, F570ZD-E4297T",490000,TIN HỌC THÀNH NHÂN,https://salt.tikicdn.com/cache/280x280/ts/product/5f/c1/b0/79ff6eb05a80b9e7ed90e36051174241.jpg
Sạc dành cho Laptop Gaming MSI GT80 MSI GT72 GT72S MSI GT73 GT75 - 330 Watt AC x 2,1489998,Đạt Khang Network,https://salt.tikicdn.com/cache/280x280/ts/product/c6/97/aa/621440644fa58fe7af05ac242ad8ffc2.jpg
BALO LAPTOP GAMING ROG 15.6-17.3 Inch,319000,Gearvngaming,https://salt.tikicdn.com/cache/280x280/ts/product/e6/63/f7/aa06b005ce24ecd15328142138e0fb1b.jpg
Ốp silicon phủ bàn phím dành cho laptop Asus TUF Gaming FX506LHB,136400,Bitustore75,https://salt.tikicdn.com/cache/280x280/ts/product/34/2e/94/880c4043c6e027bd19cc28366db2f82a.jpg
Sạc dành cho laptop Gaming ASUS ROG G703GI G703GS G703GXR - Hàng Nhập Khẩu ,1418000,Đạt Khang Network,https://salt.tikicdn.com/cache/280x280/ts/product/79/25/d5/8b4e0352bc287fbdcab6c77b154ad34f.jpg
Sạc dành cho Laptop Gaming Razer Blade 15 17 E75 Pro 17 RC30-0248 Adapter 230W,1489999,Đạt Khang Network,https://salt.tikicdn.com/cache/280x280/ts/product/ac/ac/28/3d0f481139ec4549fff38afca06ff285.jpg
Sạc dành cho Laptop Asus Gaming ROG Zephyrus G15 M GA502 GA502D GA502DU GA502DU-AL024T,950000,Laptop Minh Hà,https://salt.tikicdn.com/cache/280x280/ts/product/77/e4/a0/ab8ace0b2931000eac06b4abe15d0218.jpg
"Sạc dành cho Laptop Gaming MSI GP65 Leopard 9SD-224VN, GP65 Leopard 9SD-226, GP63 Leopard-077, Leopard-602",850000,Laptop Minh Hà,https://salt.tikicdn.com/cache/280x280/ts/product/24/db/a3/8b7eb16424976ad092325928b7e16e83.jpg
Sạc dành cho Laptop Gaming Asus R.O.G Zephyrus G GA502 GA502DU GX502GW GU502GU,949998,Đạt Khang Network,https://salt.tikicdn.com/cache/280x280/ts/product/a9/32/96/4be42ed3537e9f7302daab860925bc90.jpg
Sạc cho Laptop Gaming Asus ROG Strix SCAR II GL504GV GL504GS GL504GM - 230W - Hàng Nhập khẩu,1319700,Đạt Khang Network,https://salt.tikicdn.com/cache/280x280/ts/product/2d/27/80/13436f494611bf59a6e907f14d12857b.jpg
Sạc cho Laptop Gaming ASUS ROG Zephyrus S GX531GX GX531GV GX531GW - 230W - Hàng Nhập Khẩu New Seal,1293439,MISUFUJl OFFICIAL STORE,https://salt.tikicdn.com/cache/280x280/ts/product/de/22/ab/00f38c5fc04542d68de8cbf792cdcec6.jpg
Sạc dành cho (Adapter for) Laptop Gaming MSI P65 CREATOR 9SF-891FR,1189999,Đạt Khang Network,https://salt.tikicdn.com/cache/280x280/ts/product/a6/53/e9/51d66009186b9a7852f71b3126ea7b89.jpg
Sạc dành cho Laptop Gaming MSI GE66 GE76 Raider 230W USB Tip,1190000,Laptop Minh Hà,https://salt.tikicdn.com/cache/280x280/ts/product/b1/fc/5f/98532fffbd520ef28e4ae9862a144a1e.jpg
F-35 Mouse Wireless Vertical Mouse Ergonomic Rechargeable 2400 DPI Optional Portable Gaming Mouse for Mac Laptop PC,261000,TOPGOODVIEW,https://salt.tikicdn.com/cache/280x280/ts/product/d4/e9/62/87bb98e454f0c19005a49864b40a6160.jpg
Balo Laptop 17 Inch Lugbro Gaming LBV010BK,1180000,THÊ GIƠI BALO 2,https://salt.tikicdn.com/cache/280x280/ts/product/2c/04/fd/30d4b7703183fc588d37dd6e69814a9c.jpg
Sạc dành cho Laptop Gaming Lenovo Legion 7 7i 15IMHg05 81YU 15IMH05 81YT,1089999,Đạt Khang Network,https://salt.tikicdn.com/cache/280x280/ts/product/8c/88/55/544b05011f85c52400e14f6e5fc752d8.jpg
BALO LAPTOP GAMING - PHONG CÁCH (FREEFIRE),269000,Gearvngaming,https://salt.tikicdn.com/cache/280x280/ts/product/ae/8a/3e/282602a381cfd3c5e871ed8eaf9473bf.jpg
Sạc dành cho Laptop Gaming Asus ROG Strix G15 G532 G512L G532L,1289998,Đạt Khang Network,https://salt.tikicdn.com/cache/280x280/ts/product/d5/34/09/754425de55a3172fdfb99c4e8ff08cd2.jpg
Sạc dành cho Laptop  Gaming Asus ROG Zephyrus Duo 15 GX550 GX550LXS GX550LWS,1289998,Đạt Khang Network,https://salt.tikicdn.com/cache/280x280/ts/product/a0/14/79/5e556c20ca4dd031183e7a7d648724f8.jpg
Sạc cho Laptop Gaming ASUS ROG Zephyrus S GX531GX GX531GV GX531GW - 230W,1289998,Đạt Khang Network,https://salt.tikicdn.com/cache/280x280/ts/product/eb/30/da/94b139f662958138043d70a5d7a40f42.jpg
Sạc dành cho Laptop Gaming Asus ROG Zephyrus S17 GX701LXS GX701GXR ,1289998,Đạt Khang Network,https://salt.tikicdn.com/cache/280x280/ts/product/a0/14/79/2b1673e552d231aef523e69936dd3665.jpg
Sạc dành cho laptop Gaming ASUS ROG G703GI G703GS G703GXR,1289998,Đạt Khang Network,https://salt.tikicdn.com/cache/280x280/ts/product/d5/34/09/d40d4824fba543b7de78df5ea9522108.jpg
"PIN Dùng Cho LAPTOP HP KI04, PAVILION 14-AB, 15-AB, 17, GAMING 15-AK, HSTNN-DB6T- MS5",348898,Đạt Khang Network,https://salt.tikicdn.com/cache/280x280/ts/product/05/5f/d1/6280ca240c92b1461e1e555f0dda9bd0.jpg
Balo Laptop MSI Gaming 17inch,195000,Gearvngaming,https://salt.tikicdn.com/cache/280x280/ts/product/79/de/4d/12d9e0861fc9b4dde740cde5b47cfa6a.jpg
Sạc dành cho Laptop Gaming Asus ROG Strix Scar II GL704GW GL704GW-EV048T GL704GW-EV045T - 230W,1289998,Đạt Khang Network,https://salt.tikicdn.com/cache/280x280/ts/product/eb/30/da/1ac2fc9b365f536f3891a5c8931ddb55.jpg
Sạc cho Laptop Gaming MSI GE73 Raider 8RF RGB Edition 240W - Hàng Nhập khẩu,1119900,Đạt Khang Network,https://salt.tikicdn.com/cache/280x280/ts/product/f5/5b/82/3c963f32916df3317d2c8d0394e4cd4e.jpg
Sạc dành cho laptop Gaming ASUS ROG G703GI G703GS G703GXR - Hàng Nhập Khẩu ,1290000,Đạt Khang Network,https://salt.tikicdn.com/cache/280x280/ts/product/e0/f8/bc/ebf3a9cb65ddb79672ef9f6ebe2e017e.jpg
Sạc dành cho Laptop Gaming Asus SROG Zephyrus S GX531GW-ES006T Premium Steel GX531GW-ES009T ,1249998,Đạt Khang Network,https://salt.tikicdn.com/cache/280x280/ts/product/eb/30/da/3e53ae651156f300e7a1a81f1f577fad.jpg
Sạc dành cho Laptop Gaming ASUS ROG G501 19V 6.32A 120w charger 4.5*3.0mm ,750000,Laptop Minh Hà,https://salt.tikicdn.com/cache/280x280/ts/product/e8/e7/47/e252e66f03a94d6a5892fd46937a28a3.jpg
Ốp silicon phủ bàn phím dành cho laptop laptop Asus gaming TUF A15 FA506L,127600,Bitustore75,https://salt.tikicdn.com/cache/280x280/ts/product/b9/a6/03/dab67db39f13632b7d4c920d5f55965c.jpg
Sạc dành cho Laptop Gaming Razer Blade 15 17 E75 Pro 17 RC30-0248 Adapter 230W,1990000,Laptop Minh Hà,https://salt.tikicdn.com/cache/280x280/ts/product/13/c6/da/94f3d21dbbccc9d325dc68cd91078a01.jpg
Multimedia Keyboard Wired Silent Keyboard Waterproof Gaming Keyboard for Laptop PC USB Keyboard (Black),175500,TOPGOODVIEW,https://salt.tikicdn.com/cache/280x280/ts/product/d6/a7/5f/0714520d4c27e09991eedfaa689c3c08.jpg
Sạc dành cho Laptop Gaming Asus ROG Zephyrus G15 GA503QE GA503QE GA503QC,1389999,Đạt Khang Network,https://salt.tikicdn.com/cache/280x280/ts/product/73/02/b3/26922b786835f2c7befe4c72c95b041c.jpg
Sạc dành cho Laptop Gaming ASUS ROG Zephyrus S15 GX502LWS ,1289998,Đạt Khang Network,https://salt.tikicdn.com/cache/280x280/ts/product/a0/14/79/bc03f0f3468f27d12d2f52a782287e53.jpg
 Sạc dành cho Laptop Gaming MSI 20V 9A 180W Adapter for MSI WS66 10TL Series A17-180P4B,1049999,Đạt Khang Network,https://salt.tikicdn.com/cache/280x280/ts/product/67/15/60/f23fbf1e3718cf4d93cac7484bc52d0f.jpg
Sạc dành cho Laptop Gaming MSI GT72 GT72S GT72VR ADP-230EB T 230W,1049999,Đạt Khang Network,https://salt.tikicdn.com/cache/280x280/ts/product/94/15/00/cf54be5dedea383d5685027cf5531a3b.jpg
BALO LAPTOP ĐA CHỨC NĂNG 17.3 INCH LUGBRO GAMING - Hàng Chính Hãng,1249000,Shop Ngọc Bích,https://salt.tikicdn.com/cache/280x280/ts/product/82/17/0a/8117f9cffdaddf4fe309bbe90a988220.jpg
Chuột máy tính Coputa chuột gaming chơi game laptop có dây LED G5,71900,HN COMPUTER,https://salt.tikicdn.com/cache/280x280/ts/product/31/42/6a/b88680c7752bbae1979716c7f5ff2fa3.jpg
3.5mm Jack Hands Free Clip on Mini Microphone Mic for Smartphone Computer PC Laptop Skype MSN Chat Online Gaming,120000,Magideal,https://salt.tikicdn.com/cache/280x280/ts/product/8b/de/8a/ba0abdedac43e10cbb87ab5b97c4d34f.jpg
Sạc dành cho Laptop Lenovo Gaming Legion 5 Pro Legion 7 Pro Slim 20V 15a 300W AC Adapter (ADL300SDC3A),1489999,Đạt Khang Network,https://salt.tikicdn.com/cache/280x280/ts/product/a5/6d/60/6b7a63880100c3fb19b469b9d9b3a068.jpg
Sạc cho Laptop MSI Gaming GT75 Titan 8RF GT75VR 7RF Titan Pro 230W - Hàng Nhập Khẩu ,1379900,Đạt Khang Network,https://salt.tikicdn.com/cache/280x280/ts/product/71/da/7b/841de0378865766d5fd5652bf8dd9a46.jpg
Sạc dành cho Laptop Gaming Lenovo Legion 7 7i 15IMHg05 81YU 15IMH05 81YT,1189998,Đạt Khang Network,https://salt.tikicdn.com/cache/280x280/ts/product/59/54/4e/682e51b039bbf1fbd3c3289d92f341eb.jpg
Sạc dành cho Laptop Asus Rug Mothership GZ700GX Gaming  - 280W,1489998,Đạt Khang Network,https://salt.tikicdn.com/cache/280x280/ts/product/09/ea/f7/2fb9d71c4da3fd249ecf661817fe5c4f.jpg
Sạc dành cho Laptop Asus Gaming ROG Strix Scar III G531 G531GW 230W - Hàng Nhập Khẩu ,1417000,Đạt Khang Network,https://salt.tikicdn.com/cache/280x280/ts/product/81/42/05/a4a07ffc8381736a32d4bad0d58c8574.jpg
Sạc dành cho Laptop Gaming Asus ROG SCAR III G731G_N-UEV046T G731-UEV140T - Hàng Nhập Khẩu ,1290000,Đạt Khang Network,https://salt.tikicdn.com/cache/280x280/ts/product/e3/fe/99/a9082d28aae1425187e77c885c9e5aec.jpg
"Vertical Laptop Stand, Aluminum Dual Laptop Holder with Adjustable Dock Compatible with Chromebook/Gaming Laptops (up to J0PB",214934,3C accessories store,https://salt.tikicdn.com/cache/280x280/ts/product/fe/48/af/342e930068bc1b268fd9ac1eba828204.jpg
Sạc dùng cho laptop Gaming ASUS ROG G703GI G703GS G703GXR - Hàng Nhập Khẩu New Seal,1335150,MISUFUJl OFFICIAL STORE,https://salt.tikicdn.com/cache/280x280/ts/product/ff/be/25/32c55690c8c518881d2dcceb82531a3e.jpg
"Sạc dành cho Laptop Gaming MSI GL75 Leopard 10SDK 10SDR 10SDK-228 10SDK-408 10SDR-011, GP63 Leopard 8RD",849998,Đạt Khang Network,https://salt.tikicdn.com/cache/280x280/ts/product/28/c2/33/fd1d30af983cd61b79c02d2322682204.jpg
Sạc dành cho Laptop Gaming ASUS ROG Strix GL703 GL703GE GL703VM GL703VD-DB7 GL703G GL703GS,789999,Đạt Khang Network,https://salt.tikicdn.com/cache/280x280/ts/product/00/3b/42/f5c4c1c228f9b93ecf0f65c65de08bce.jpg
Sạc cho Laptop HP Pavilion Gaming 15-cx0179TX 15-cx0178TX 15-cx0182TX - Hàng Nhập khẩu,779700,Đạt Khang Network,https://salt.tikicdn.com/cache/280x280/ts/product/8e/bd/8d/ed032aca89e47f9e874223127bf88e18.jpg
Sạc cho Laptop Gaming ASUS ROG Zephyrus S GX531GX GX531GV GX531GW - 230W - Hàng Nhập khẩu,1249000,Đạt Khang Network,https://salt.tikicdn.com/cache/280x280/ts/product/c5/d2/81/e4dd719c4b1356aba920631b64ddf68f.jpg
Vertical Wired Mouse Ergonomic Optical 3 Key Gaming Office Mouse for PC /Laptop Black,117900,TOPGOODVIEW,https://salt.tikicdn.com/cache/280x280/ts/product/e8/f5/ac/d048879967664a7d8fc07dcf96ac0789.jpg
Sạc cho Laptop Gaming MSI GV62 7RE Series - Hàng Nhập Khẩu New Seal,776146,MISUFUJl OFFICIAL STORE,https://salt.tikicdn.com/cache/280x280/ts/product/3d/f9/96/f1ca3bae0849377d7230af9de82427ef.jpg
Sạc dành cho Laptop HP Pavilion Gaming 15Z-EC0000 15-ec0000 15-ec Series 15-ec0051AX 15-ec0050AX,890000,Laptop Minh Hà,https://salt.tikicdn.com/cache/280x280/ts/product/22/4d/1f/c5ba65325416973ffb6ebd27235c2443.jpg
Sạc dành cho Laptop Gaming Asus FX705 FX705DD FX705DT FX705DU G531GT - Hàng Nhập Khẩu ,868000,Đạt Khang Network,https://salt.tikicdn.com/cache/280x280/ts/product/f0/3a/63/39f7a445d3bbf98d8bb0e82dd94e3f09.jpg
Sạc cho Laptop Gaming Asus ROG F560UD F560UD-BQ400T F560UD-BQ237T - Hàng Nhập khẩu,719700,Đạt Khang Network,https://salt.tikicdn.com/cache/280x280/ts/product/57/e0/51/d65c3972c600517fb945008f6ac8212e.jpg
Sạc dành cho Laptop Asus Gaming TUF FX506HCB-HN139T Gen 11,1050000,Laptop Minh Hà,https://salt.tikicdn.com/cache/280x280/ts/product/77/e4/a0/3e39cb2b6456ae773cd4fef05f940507.jpg
"Sạc dành cho Laptop ASUS TUF Gaming A17 FA706IU, FA706II, FA706IU-H7133T, FA706II-H7125T",1289998,Đạt Khang Network,https://salt.tikicdn.com/cache/280x280/ts/product/d5/34/09/83d8525a5a269b47578fdb88b43a07b7.jpg
Sạc cho Laptop Gaming MSI GP73 8RD GP73 8RE Leopard 180W - Hàng Nhập Khẩu New Seal,879646,MISUFUJl OFFICIAL STORE,https://salt.tikicdn.com/cache/280x280/ts/product/92/91/d7/5a511383da7070285375c02c0f2d84d4.jpg
Sạc dành cho Laptop Asus Gaming ROG Strix G531G_N-WAZ209T  G531-VAL319T G531-UAL064T,1290000,Laptop Minh Hà,https://salt.tikicdn.com/cache/280x280/ts/product/d5/34/09/4cd9b00d61d21072f9a63c9714119bab.jpg
Sạc cho Laptop Gaming MSI GP63-8RD GP63-8RE Leopard 180W - Hàng Nhập khẩu,849000,Đạt Khang Network,https://salt.tikicdn.com/cache/280x280/ts/product/09/ca/25/3c2110bbcf9a4807fde11c581452d90a.jpg
Sạc cho Laptop Gaming MSI GP73 8RD GP73 8RE Leopard 180W - Hàng Nhập khẩu,879900,Đạt Khang Network,https://salt.tikicdn.com/cache/280x280/ts/product/fb/6b/89/ab98744a38802e5c78e260e44d813cac.jpg
Sạc dành cho Laptop MSI GT72 Dominator Gaming Laptop GT72VR Series 7.4mm 230W,1049999,Đạt Khang Network,https://salt.tikicdn.com/cache/280x280/ts/product/14/93/d7/26c69061a2b900d98717791ba7aad2c4.jpg
Sạc dành cho Laptop Dell Gaming 15 G3 G5 3590 N5590M 180W,890000,Laptop Minh Hà,https://salt.tikicdn.com/cache/280x280/ts/product/10/46/f5/88110ea6c2c20c668dcc13baf5464010.jpg
Card Màn Hình Gaming ASUS TUF-GTX1660TI-O6G-GAMING - Hảng Chính Hãng,6450000,Vi Tính Lê Huy,https://salt.tikicdn.com/cache/280x280/ts/product/a1/66/ed/370a7e4842810e191b1dd37ec3127ee3.jpg
Sạc dành cho Laptop Gaming ASUS ROG G74 G74S VX7 - 150W,749999,Đạt Khang Network,https://salt.tikicdn.com/cache/280x280/ts/product/dc/e7/b9/11040537076f00d37a21aee17057b085.jpg
 Sạc dành cho Laptop ASUS ROG GX700VO-GC009T GX700VO-VS74K Gaming 330w,1489999,Đạt Khang Network,https://salt.tikicdn.com/cache/280x280/ts/product/01/c5/a3/a7bf74992b828eb139120320f4737542.jpg
Đế tản nhiệt laptop N19 macbook cooler master 14 15 inch máy tính cho laptop gaming,69300,ARIGATO STORE,https://salt.tikicdn.com/cache/280x280/ts/product/a6/b1/ed/23f3cc94bd3d6a5aef6d17bf7f54266e.jpg
Sạc cho Laptop Gaming MSI GS63 Stealth 8RD 150W - Hàng Nhập Khẩu New Seal,776146,MISUFUJl OFFICIAL STORE,https://salt.tikicdn.com/cache/280x280/ts/product/4b/4d/53/4fed9261ab277a2e5e46f13c5b48ef81.jpg
Sạc dùng cho Laptop Gaming MSI GL62M 7RDX - 150W - Hàng Nhập Khẩu New Seal,776146,MISUFUJl OFFICIAL STORE,https://salt.tikicdn.com/cache/280x280/ts/product/ac/06/4e/20c33823e054eea786ed4c131286a98c.jpg
Sạc dành cho Laptop Gaming Acer Aspire Nitro AN515-53 AN515-43 - Hàng Nhập Khẩu ,749000,Đạt Khang Network,https://salt.tikicdn.com/cache/280x280/ts/product/44/cc/f6/9c6ec055486849f2a4a80fa930072d18.jpg
Sạc dành cho Laptop Gaming MSI Pulse GL76 11UEK A180A063P 20V 9A 180W Adapter&Cord,1049999,Đạt Khang Network,https://salt.tikicdn.com/cache/280x280/ts/product/c0/71/37/b814797459455e2732253599fa88beed.jpg
Sạc dành cho Laptop Dell-G-Series Gaming G3 G5 G7 G15 3500 5500 7500 180W chân kim ,850000,Laptop Minh Hà,https://salt.tikicdn.com/cache/280x280/ts/product/7c/62/9e/c44a40920f6672a76c5afb6529cb068e.jpg
Sạc cho Laptop Gaming MSI GP63-8RD GP63-8RE Leopard - 150w chân cắm có kim - Hàng Nhập Khẩu ,934000,Đạt Khang Network,https://salt.tikicdn.com/cache/280x280/ts/product/03/e9/b4/8331feaecb52ae3e78a47e8f7fb59c35.jpg
"Loa Thanh Siêu Trầm Bluetooth Gaming Soundbar 40W Treo Tường BS-18 Dùng Cho Máy Vi Tính PC, Laptop, Tivi",1099000,SocpiStore,https://salt.tikicdn.com/cache/280x280/ts/product/83/35/18/9db0b27e4a508d63464319347f9b6aa6.jpg
 Sạc cho Laptop Gaming MSI GP63-8RD GP63-8RE Leopard - 150w chân cắm có kim,849998,Đạt Khang Network,https://salt.tikicdn.com/cache/280x280/ts/product/cf/cd/bb/ce76e92064cca43ee332705b6ad0dc4e.jpg
Sạc dùng cho Laptop Asus Gaming ROG Strix Scar III G531 G531GW 230W - Hàng Nhập Khẩu New Seal,1467610,MISUFUJl OFFICIAL STORE,https://salt.tikicdn.com/cache/280x280/ts/product/18/83/ff/4999f14c8e90466db7fd57607fbe510f.jpg
Sạc dành cho Laptop Gaming ACER Predator Helios 300 PH315-52 - Hàng Nhập Khẩu ,849000,Đạt Khang Network,https://salt.tikicdn.com/cache/280x280/ts/product/6c/52/48/9e00b997856a46213d348fee8148a1f9.jpg
Sạc cho Laptop Gaming MSI GV72 7RE 1424XVN GV72 7RE 1494VN - Hàng Nhập Khẩu ,879900,Đạt Khang Network,https://salt.tikicdn.com/cache/280x280/ts/product/c5/4f/72/efae5522992dde2380e8ebb4fa0d4a00.jpg
"Bàn phím cơ gaming không dây Logitech G715 TKL  - Bluetooth và Lightspeed, RGB, kèm kê tay, 2 loại switch, tương thích PC, Mac, Laptop - Hàng Chính Hãng",3793000,Logitech G Gaming Store,https://salt.tikicdn.com/cache/280x280/ts/product/18/68/43/d7b87a11663afa75edc31901a754d159.png
Sạc cho Laptop Asus Gaming ROG Zephyrus G GX502GW-AZ129T  ROG Zephyrus M GU502GV-AZ079T,1290000,Laptop Minh Hà,https://salt.tikicdn.com/cache/280x280/ts/product/d5/34/09/5a2cb9aa8a3f4b7aebdc2c7b8af111e6.jpg
Sạc cho Laptop Gaming Acer Aspire 7 A715-71G A715-72G A715-74G - 135W - Hàng Nhập khẩu,819700,Đạt Khang Network,https://salt.tikicdn.com/cache/280x280/ts/product/24/fb/75/09f3e740462412637e31259dfd7e9a92.jpg
Sạc dành cho Laptop Gaming Acer Aspire Nitro AN515-53 AN515-43 - Hàng Nhập Khẩu ,750000,Đạt Khang Network,https://salt.tikicdn.com/cache/280x280/ts/product/83/1b/c5/cbab919ab93f9e60ea818847a27548f6.jpg
Sạc cho Laptop Gaming MSI GP72MVR 7RFX Leopard Pro 180W - Hàng Nhập khẩu,879900,Đạt Khang Network,https://salt.tikicdn.com/cache/280x280/ts/product/41/5f/2d/b7e0d310ba356bca1dccfdf0b96f95c4.jpg
Sạc cho Laptop Gaming MSI GV72 7RE 1424XVN GV72 7RE 1494VN - Hàng Nhập Khẩu New Seal,879646,MISUFUJl OFFICIAL STORE,https://salt.tikicdn.com/cache/280x280/ts/product/ae/d6/ee/95498a3c98ff471250e5b7c3974bdb3b.jpg
Bàn phím dành cho Laptop Dell Inspiron Gaming 15-7559 LED đỏ - Hàng Nhập Khẩu ,713000,Đạt Khang Network,https://salt.tikicdn.com/cache/280x280/ts/product/5d/43/66/0217f03306054b50420626d3a76a769c.jpg
Bàn phím dành cho Laptop Dell Inspiron Gaming 15-7559 LED đỏ - Hàng Nhập Khẩu,651170,Đạt Khang Network,https://salt.tikicdn.com/cache/280x280/ts/product/e6/fc/ed/400a4150bb6a2711fce5b4b1e310ed8e.jpg
Sạc dành cho Laptop Gaming ASUS GL503 GL503GE GL503VD - 150W,649999,Đạt Khang Network,https://salt.tikicdn.com/cache/280x280/ts/product/f0/25/a7/a67ebe1d107274e84e945f0a6aded4e1.jpg
Sạc dành cho Laptop Gaming  MSI GL62M 7REX 7REX-1409 7REX-1896...,789999,Đạt Khang Network,https://salt.tikicdn.com/cache/280x280/ts/product/be/71/db/917ad27061d4934c2fd58f4e1f96d4d5.jpg
Sạc dành cho Laptop Gaming MSI GL62M 7RDX - 150W - Hàng Nhập khẩu,779900,Đạt Khang Network,https://salt.tikicdn.com/cache/280x280/ts/product/12/59/09/9ec9702b249d2d04fcec5c3501ddf0bb.jpg
Sạc cho Laptop Gaming Asus ROG F570ZD F570ZD-E4297T - Hàng Nhập Khẩu New Seal,713839,MISUFUJl OFFICIAL STORE,https://salt.tikicdn.com/cache/280x280/ts/product/23/4c/f1/7512bfce75ea5c75be2d5e0eb7b2f1c1.jpg
Sạc dành cho Laptop Gigabyte Aero 15 SERIES Aero 15-X9 Aero 15-Y9 Gaming Charger,1289999,Đạt Khang Network,https://salt.tikicdn.com/cache/280x280/ts/product/9d/4d/ca/365c68620aaa13ffec1c0c7cfc8369ba.jpg
Bàn phím cơ Coputa bàn phím máy tính gaming chơi game laptop TKL Full LED Rainbow K550,320000,Coputa,https://salt.tikicdn.com/cache/280x280/ts/product/fc/25/36/8de31dcdead671959755e79b787972fc.jpg
Sạc cho Laptop Gaming Asus ROG F560UD F560UD-BQ400T F560UD-BQ237T ,749998,Đạt Khang Network,https://salt.tikicdn.com/cache/280x280/ts/product/5f/c1/b0/5776f74e85ee91a761b8238580ddb0dd.jpg
Sạc dành cho laptop HP Pavilion Gaming 15-ec0050AX - Hàng Nhập Khẩu - Sản phẩm mới 100%,660082,MSmart Offical,https://salt.tikicdn.com/cache/280x280/ts/product/aa/97/4c/ba12007af151edafde8c73d950ea8605.jpg
Sạc dành cho Laptop HP Pavilion Gaming 15-cb540TX 15-cb541TX - Hàng Nhập khẩu,819700,Đạt Khang Network,https://salt.tikicdn.com/cache/280x280/ts/product/8e/48/e9/51fc5cd0780b381047b5d324b5d0e99e.jpg
Sạc cho Laptop Gaming MSI GE73 Raider 8RF RGB Edition 240W,1049998,Đạt Khang Network,https://salt.tikicdn.com/cache/280x280/ts/product/41/2e/bb/0828f99e6f5831f7d4375fa0fef810f0.jpg
Sạc dành cho Laptop HP Pavilion 15-cb503TX- GAMING (2LR98PA)  HP Pavilion 15-cb504TX- GAMING (2LR99PA),694978,Đạt Khang Network,https://salt.tikicdn.com/cache/280x280/ts/product/99/b6/a9/4d2d8196350786cfae701874d3882c91.jpg
Sạc dành cho Laptop Asus Gaming TUF GAMING A15 FA506QR FA506QM 200W 20V 10.0A,1049999,Đạt Khang Network,https://salt.tikicdn.com/cache/280x280/ts/product/fb/2c/d7/3659f284e03f866f942f6a056cb57e5c.jpg
"USB Wired Gaming Mouse, 10 Buttons Programming, up to 12800 DPI, USB Computer Mouse Adjustable DPI Mice for Laptop PC and Notebook",303000,Magideal,https://salt.tikicdn.com/cache/280x280/ts/product/0e/24/0f/0437a489377506706a75f9574e62bbb2.jpg
Sạc dành cho Laptop DELL Inspiron 15 G3 3579 Gaming,849998,Đạt Khang Network,https://salt.tikicdn.com/cache/280x280/ts/product/7c/62/9e/89c72685ba0bcae2a61bdb7445846743.jpg
Sạc cho Laptop HP Pavilion Gaming 15-cx0177TX 15-cx0178TX 15-cx0179TX 15-cx0182TX - 150W,849998,Đạt Khang Network,https://salt.tikicdn.com/cache/280x280/ts/product/3d/1c/57/0cd7a6aca12475f6bad96f631db1abc9.jpg
Bàn phím dùng cho Laptop HP Pavilion Gaming 15-cb series  - Hàng Nhập Khẩu New Seal,359041,MISUFUJl OFFICIAL STORE,https://salt.tikicdn.com/cache/280x280/ts/product/67/c1/d9/44d84ca4c4fa9780553059a08494cbac.jpg
Sạc dành cho Laptop Gaming Acer Aspire Nitro AN515-53 AN515-43,689998,Đạt Khang Network,https://salt.tikicdn.com/cache/280x280/ts/product/c0/1f/b5/cc76ae8ae7dbd1fdac8af9677778ec90.jpg
Sạc cho Laptop Gaming Acer Aspire Nitro A715-71G  Nitro A715-71G-52WP Nitro A715-71G-57LL - 180W,849998,Đạt Khang Network,https://salt.tikicdn.com/cache/280x280/ts/product/32/14/2f/0c4bbfa25a4ec85d69d762aff33cf665.jpg
Sạc cho Laptop Gaming MSI GV62 7RE Series - Hàng Nhập khẩu,779900,Đạt Khang Network,https://salt.tikicdn.com/cache/280x280/ts/product/3a/37/ae/1bb47f740b310a22f129e4167d571dd9.jpg
Sạc dành cho Laptop MSI Gaming GP72M 7REX Leopard Pro,849998,Đạt Khang Network,https://salt.tikicdn.com/cache/280x280/ts/product/9d/42/ef/9936524d44b87979503ee6d3aa377d88.jpg
Sạc cho Laptop Gaming MSI GL73 8RC - Hàng Nhập khẩu,879900,Đạt Khang Network,https://salt.tikicdn.com/cache/280x280/ts/product/42/d9/73/9d48e4a3d79c64299667770e1ce6b0ee.jpg
Bàn phím dùng cho Laptop Dell Inspiron Gaming 15-7559 LED đỏ  - Hàng Nhập Khẩu New Seal,642910,MISUFUJl OFFICIAL STORE,https://salt.tikicdn.com/cache/280x280/ts/product/66/1a/ca/6bcb9c1a90b7ab0c8db6fae3173c1256.jpg
"Loa Thanh Siêu Trầm Bluetooth Gaming Soundbar 20W Để Bàn BS-10 Dùng Cho Máy Vi Tính PC, Laptop, Tivi",639000,SocpiStore,https://salt.tikicdn.com/cache/280x280/ts/product/a3/04/98/c5ada11be81de453ddcae1328e688204.jpg
HXSJ T30 2.4GHz Optical Wireless Mouse Rechargeable Silent Gaming Mouse 3600DPI Ergonomic Mice LED Backlit for PC Laptop,201600,Mimi Town,https://salt.tikicdn.com/cache/280x280/ts/product/39/13/02/36ac4458b961e260f4a59cf97d015802.jpg
Sạc cho Laptop ASUS TUF Gaming A17 FA706IH 180W 20.0V 9.0A,949998,Đạt Khang Network,https://salt.tikicdn.com/cache/280x280/ts/product/9c/8e/b8/27f41dc8a8e0e7d74c78924af4244171.jpg
Bàn phím dành cho Laptop HP Pavilion Gaming 15-cb series  - Hàng Nhập Khẩu,376900,Đạt Khang Network,https://salt.tikicdn.com/cache/280x280/ts/product/96/da/b1/8b4af459efd3f6403f134989f13d04ff.jpg
Sạc dành cho Laptop Gaming MSI GL62M 7RDX - 150W,789998,Đạt Khang Network,https://salt.tikicdn.com/cache/280x280/ts/product/88/50/aa/ee7bc8d4d1a66ceb6ece804edc1c0612.jpg
Sạc cho Laptop Asus TUF Gaming A15 FA506II-AL016t - 150W 20V 7.5A - Hàng Nhập Khẩu ,787000,Đạt Khang Network,https://salt.tikicdn.com/cache/280x280/ts/product/d4/2c/72/2c7244f0a08928ffedc762a931a0d4fa.jpg
Sạc cho Laptop HP Pavilion Gaming 15-cx0179TX 15-cx0178TX 15-cx0182TX - Hàng Nhập Khẩu New SealAC1265,775939,MISUFUJl OFFICIAL STORE,https://salt.tikicdn.com/cache/280x280/ts/product/81/eb/a6/a5f8b44c364df859f74faad0167b7da0.jpg
Sạc dành cho laptop Asus Gaming FX705DT FX705DD - Hàng Nhập Khẩu - Sản phẩm mới 100%,785925,MSmart Offical,https://salt.tikicdn.com/cache/280x280/ts/product/53/a8/05/19bc4a96fa3afc07103ec69545af1d21.jpg
Sạc cho Laptop ASUS TUF Gaming A17 FA706IH 180W 20.0V 9.0A - Hàng Nhập Khẩu New Seal,879439,MISUFUJl OFFICIAL STORE,https://salt.tikicdn.com/cache/280x280/ts/product/c3/9c/5e/6c2b13a8b18643330d57035c71c0e2a4.jpg
Bàn phím dành cho Laptop Gaming Acer Aspire 7 A715-71G A715-72G A715-74G ,339998,Vua linh kiện laptop,https://salt.tikicdn.com/cache/280x280/ts/product/55/8d/48/eef2d2aafdc70a53b352cd8c7c407a8b.jpg
Sạc cho Laptop Asus TUF Gaming A15 FA506II-AL016t - 150W 20V 7.5A - Hàng Nhập Khẩu ,749000,Đạt Khang Network,https://salt.tikicdn.com/cache/280x280/ts/product/0c/15/77/9c2f71f177b2ba7eb2ee8f6cf55068bf.jpg
Sạc dùng cho Laptop Asus Gaming TUF FX506HCB-HN139T Gen 11 MIAC1448,1086750,MISUFUJl OFFICIAL STORE,https://salt.tikicdn.com/cache/280x280/ts/product/57/c4/f8/5fbc23861af7dbf02f7405583f5e3496.jpg
"Chuột Gaming Có Dây Có Led VS786 Deli - Chuột Laptop Máy Tính RGB Đổi 7 Màu Liên Tục, Chuyên Dùng Cho Laptop, Máy Tính, Pc - Hàng Chính Hãng",45000,Deli Official Store,https://salt.tikicdn.com/cache/280x280/ts/product/61/f1/bc/703aa4d359bb5f9de9acb8847c7b4bcb.png
Sạc cho laptop Dell Gaming Inspiron 15 7566 Adapter 19.5V-6.7A - Hàng Nhập Khẩu ,570900,Đạt Khang Network,https://salt.tikicdn.com/cache/280x280/ts/product/bf/3b/4d/61db459443393dbcc50e5da7b821386f.jpg
Sạc dành cho Laptop Asus Gaming ROG Strix Scar III G531 G531GW 230W,1289998,Đạt Khang Network,https://salt.tikicdn.com/cache/280x280/ts/product/eb/30/da/ffaad182ac681fe6bb4e5470e119e870.jpg
Sạc dùng cho Laptop Asus HERO GL503VD Asus HERO GL503VM - BLACK ROG - Gaming - Hàng Nhập Khẩu New Seal,712028,MISUFUJl OFFICIAL STORE,https://salt.tikicdn.com/cache/280x280/ts/product/61/36/5d/edcf62896440734c34b1cfb0870f686b.jpg
Sạc dùng cho Laptop Gaming ACER Predator Helios 300 PH315-52 - Hàng Nhập Khẩu New Seal,879622,MISUFUJl OFFICIAL STORE,https://salt.tikicdn.com/cache/280x280/ts/product/a1/ec/2f/18b9c9d4206a9c72538233e96090e574.jpg
Chân Đế Đỡ Laptop Nillkin Bolster Plus Portable Stand cho Laptop Macbook / Laptop Surface / Laptop Asus / Laptop HP / Laptop Dell / Laptop Lenovo / Laptop LG / Laptop Acer / Laptop MSI - Hàng Nhập Khẩu,189000,Nhà Giả Kim,https://salt.tikicdn.com/cache/280x280/ts/product/a9/ce/d2/4456bc2ab7fe84fb4a8d2f4a1a79eb9d.jpg
Sạc cho Laptop Asus TUF Gaming A15 FA506II-AL012T - 150W 20V 7.5A,749998,Đạt Khang Network,https://salt.tikicdn.com/cache/280x280/ts/product/3c/97/72/bff07190071faa2e149c73036e0fa572.jpg
Sạc cho Laptop ASUS TUF Gaming A17 FA706IH 180W 20.0V 9.0A - Hàng Nhập khẩu,849000,Đạt Khang Network,https://salt.tikicdn.com/cache/280x280/ts/product/dc/13/7a/bd2d70daaf5ebe6668e9000fbe03ee4b.jpg
Sạc dành cho Laptop Asus Gaming TUF FX506HCB-HN139T Gen 11,1050000,Đạt Khang Network,https://salt.tikicdn.com/cache/280x280/ts/product/ea/9b/97/49d03e1e56574fc9d50bf349f5191203.jpg
"Sạc cho Laptop Gaming Asus TUF FX505GT-BI5N7, FX506, FX506LH, FX506LI, TUF705DU-RB74 180W",944998,Đạt Khang Network,https://salt.tikicdn.com/cache/280x280/ts/product/77/e4/a0/8e244b380f19ae4756074af196859634.jpg
Sạc dành cho Laptop Asus HERO GL503VD Asus HERO GL503VM - BLACK ROG - Gaming - Hàng Nhập khẩu,717950,Đạt Khang Network,https://salt.tikicdn.com/cache/280x280/ts/product/0f/6f/e2/03cd915c5a9c03377727af45d473156b.jpg
Sạc cho Laptop Gaming MSI GS63 Stealth 8RD 150W - Hàng Nhập khẩu,779900,Đạt Khang Network,https://salt.tikicdn.com/cache/280x280/ts/product/17/53/e5/218ca9229be7ecd7711956c2704d07bb.jpg
Bàn phím cơ Coputa bàn phím máy tính laptop Gaming có dây Full LED K1,445000,Coputa,https://salt.tikicdn.com/cache/280x280/ts/product/07/c0/18/793139af1657ab9ecfe5786e715aa222.jpg
Sạc cho Laptop Gaming MSI GP63-8RD GP63-8RE Leopard 180W - Hàng Nhập Khẩu New Seal,879646,MISUFUJl OFFICIAL STORE,https://salt.tikicdn.com/cache/280x280/ts/product/3a/35/1e/9f0efe785742409d07957dae1b2e579b.jpg
Sạc dành cho Laptop Gaming Asus N550JK N550JV N550JX N551JK,649999,Đạt Khang Network,https://salt.tikicdn.com/cache/280x280/ts/product/dc/e7/b9/b3f4aee9271d5894366b65c272d7096d.jpg
Sạc cho Laptop Gaming Asus ROG F570ZD F570ZD-E4297T - Hàng Nhập khẩu,719700,Đạt Khang Network,https://salt.tikicdn.com/cache/280x280/ts/product/65/b3/23/ae5ba9c237ee3fc28158f417658127ee.jpg
Sạc cho Laptop Gaming MSI GV72 7RE 1424XVN GV72 7RE 1494VN,889998,Đạt Khang Network,https://salt.tikicdn.com/cache/280x280/ts/product/3b/fb/bc/c0e71793c7e4ec2a13c0deedd577c3d7.jpg
Sạc dành cho Laptop HP Gaming Victus 15L 15-fa Series 150W 19.5V-7.7A,1049999,Đạt Khang Network,https://salt.tikicdn.com/cache/280x280/ts/product/e3/b8/96/525279ea0101cc07444b84e8bd56d1de.jpg
Bàn Phím Giả Cơ Gaming L1 LANGTU Phụ Kiện Máy Tính Laptop Chống Nước Kèm Đèn Led Hàng Chính Hãng,309000,Vĩnh Thành,https://salt.tikicdn.com/cache/280x280/ts/product/56/4d/1d/b498cc11eb802887bd7d13f6d9f59b06.png
